/*
SQLyog Community v13.2.0 (64 bit)
MySQL - 10.4.32-MariaDB : Database - encuesta001
*********************************************************************
*/

/*!40101 SET NAMES utf8 */;

/*!40101 SET SQL_MODE=''*/;

/*!40014 SET @OLD_UNIQUE_CHECKS=@@UNIQUE_CHECKS, UNIQUE_CHECKS=0 */;
/*!40014 SET @OLD_FOREIGN_KEY_CHECKS=@@FOREIGN_KEY_CHECKS, FOREIGN_KEY_CHECKS=0 */;
/*!40101 SET @OLD_SQL_MODE=@@SQL_MODE, SQL_MODE='NO_AUTO_VALUE_ON_ZERO' */;
/*!40111 SET @OLD_SQL_NOTES=@@SQL_NOTES, SQL_NOTES=0 */;
CREATE DATABASE /*!32312 IF NOT EXISTS*/`encuesta001` /*!40100 DEFAULT CHARACTER SET utf8mb4 COLLATE utf8mb4_general_ci */;

USE `encuesta001`;

/*Table structure for table `dependencias_preguntas` */

DROP TABLE IF EXISTS `dependencias_preguntas`;

CREATE TABLE `dependencias_preguntas` (
  `id` bigint(20) unsigned NOT NULL AUTO_INCREMENT,
  `pregunta_id` bigint(20) unsigned NOT NULL,
  `depende_de_pregunta_id` bigint(20) unsigned NOT NULL,
  PRIMARY KEY (`id`),
  KEY `fk_dependencia_pregunta` (`pregunta_id`),
  KEY `fk_depende_de_pregunta` (`depende_de_pregunta_id`),
  CONSTRAINT `fk_depende_de_pregunta` FOREIGN KEY (`depende_de_pregunta_id`) REFERENCES `preguntas` (`id`) ON DELETE CASCADE,
  CONSTRAINT `fk_dependencia_pregunta` FOREIGN KEY (`pregunta_id`) REFERENCES `preguntas` (`id`) ON DELETE CASCADE
) ENGINE=InnoDB AUTO_INCREMENT=25 DEFAULT CHARSET=utf8mb4 COLLATE=utf8mb4_general_ci;

/*Data for the table `dependencias_preguntas` */

insert  into `dependencias_preguntas`(`id`,`pregunta_id`,`depende_de_pregunta_id`) values 
(9,50,49),
(10,51,49),
(11,52,49),
(12,53,49),
(13,54,49),
(14,55,49),
(15,74,73),
(16,76,75),
(17,78,77),
(18,80,79),
(19,82,81),
(20,94,93),
(21,95,93),
(22,97,96),
(23,98,96),
(24,99,96);

/*Table structure for table `opciones_respuesta` */

DROP TABLE IF EXISTS `opciones_respuesta`;

CREATE TABLE `opciones_respuesta` (
  `id` bigint(20) unsigned NOT NULL AUTO_INCREMENT,
  `pregunta_id` bigint(20) unsigned NOT NULL,
  `seccion_id` bigint(20) unsigned NOT NULL,
  `opcion1` text NOT NULL,
  `opcion2` text DEFAULT NULL,
  `created_at` timestamp NULL DEFAULT NULL,
  `updated_at` timestamp NULL DEFAULT NULL,
  PRIMARY KEY (`id`),
  KEY `opciones_respuesta_pregunta_id_foreign` (`pregunta_id`),
  KEY `opciones_respuesta_seccion_id_foreign` (`seccion_id`),
  CONSTRAINT `opciones_respuesta_pregunta_id_foreign` FOREIGN KEY (`pregunta_id`) REFERENCES `preguntas` (`id`) ON DELETE CASCADE,
  CONSTRAINT `opciones_respuesta_seccion_id_foreign` FOREIGN KEY (`seccion_id`) REFERENCES `secciones` (`id`) ON DELETE CASCADE
) ENGINE=InnoDB AUTO_INCREMENT=323 DEFAULT CHARSET=utf8mb4 COLLATE=utf8mb4_general_ci;

/*Data for the table `opciones_respuesta` */

insert  into `opciones_respuesta`(`id`,`pregunta_id`,`seccion_id`,`opcion1`,`opcion2`,`created_at`,`updated_at`) values 
(1,2,1,'TSU en Tecnologias de la Informacion , Area de Desarrollo de Software multiplataforma(DSM)','','2024-06-05 10:28:09','2024-06-05 10:28:09'),
(2,2,1,'TSU en Tecnologias de la Informacion , Area Infraestrcutura de Redes Digitales(IRD)','','2024-06-05 10:28:09','2024-06-05 10:28:09'),
(3,8,1,'Femenino','','2024-06-05 10:28:09','2024-06-05 10:28:09'),
(4,8,1,'Masculino','','2024-06-05 10:28:09','2024-06-05 10:28:09'),
(5,9,1,'Soltero (a)','','2024-06-05 10:28:09','2024-06-05 10:28:09'),
(6,9,1,'Divorciado (a)','','2024-06-05 10:28:09','2024-06-05 10:28:09'),
(7,9,1,'Viudo (a)','','2024-06-05 10:28:09','2024-06-05 10:28:09'),
(8,9,1,'Casado (a)','','2024-06-05 10:28:09','2024-06-05 10:28:09'),
(9,9,1,'Union libre','','2024-06-05 10:28:09','2024-06-05 10:28:09'),
(10,10,1,'Ninguno','','2024-06-05 10:28:09','2024-06-05 10:28:09'),
(11,10,1,'1 hijo(a)','','2024-06-05 10:28:09','2024-06-05 10:28:09'),
(12,10,1,'2 hijo(a)','','2024-06-05 10:28:09','2024-06-05 10:28:09'),
(13,10,1,'mas de 2 hijos(as)','','2024-06-05 10:28:09','2024-06-05 10:28:09'),
(14,11,1,'Si','','2024-06-05 10:28:09','2024-06-05 10:28:09'),
(15,11,1,'No','','2024-06-05 10:28:09','2024-06-05 10:28:09'),
(16,34,2,'Padre','','2024-06-05 10:28:09','2024-06-05 10:28:09'),
(17,34,2,'Madre','','2024-06-05 10:28:09','2024-06-05 10:28:09'),
(18,34,2,'Otro:','','2024-06-05 10:28:09','2024-06-05 10:28:09'),
(19,43,3,'Padre:','','2024-06-05 10:28:09','2024-06-05 10:28:09'),
(20,43,3,'Madre:','','2024-06-05 10:28:09','2024-06-05 10:28:09'),
(21,43,3,'Otro:','','2024-06-05 10:28:09','2024-06-05 10:28:09'),
(22,49,4,'Si','','2024-06-05 10:28:09','2024-06-05 10:28:09'),
(23,49,4,'No','','2024-06-05 10:28:09','2024-06-05 10:28:09'),
(24,50,4,'No Aplica:','','2024-06-05 10:28:09','2024-06-05 10:28:09'),
(25,50,4,'Menos de 10 horas a la semana','','2024-06-05 10:28:09','2024-06-05 10:28:09'),
(26,50,4,'De 10 a 20 horas a la semana','','2024-06-05 10:28:09','2024-06-05 10:28:09'),
(27,50,4,'De 21 a 40 horas a la semana','','2024-06-05 10:28:09','2024-06-05 10:28:09'),
(28,53,4,'Lunes','','2024-06-05 10:28:09','2024-06-05 10:28:09'),
(29,53,4,'Martes','','2024-06-05 10:28:09','2024-06-05 10:28:09'),
(30,53,4,'Miercoles','','2024-06-05 10:28:09','2024-06-05 10:28:09'),
(31,53,4,'Jueves','','2024-06-05 10:28:09','2024-06-05 10:28:09'),
(32,53,4,'Viernes','','2024-06-05 10:28:09','2024-06-05 10:28:09'),
(33,53,4,'Sabado','','2024-06-05 10:28:09','2024-06-05 10:28:09'),
(34,53,4,'Domingo','','2024-06-05 10:28:09','2024-06-05 10:28:09'),
(35,56,4,'Padres(Padre o madre o ambos)','','2024-06-05 10:28:09','2024-06-05 10:28:09'),
(36,56,4,'Familiares(Tios, abuelos o hermanos)','','2024-06-05 10:28:09','2024-06-05 10:28:09'),
(37,56,4,'Soy independiente economicamente','','2024-06-05 10:28:09','2024-06-05 10:28:09'),
(38,56,4,'Pension (renta cerca de la UTVT )','','2024-06-05 10:28:09','2024-06-05 10:28:09'),
(39,57,4,'Padre ','Si','2024-06-05 10:28:09','2024-06-05 10:28:09'),
(40,57,4,'Padre ','No','2024-06-05 10:28:09','2024-06-05 10:28:09'),
(41,57,4,'Madre ','Si','2024-06-05 10:28:09','2024-06-05 10:28:09'),
(42,57,4,'Madre ','No','2024-06-05 10:28:09','2024-06-05 10:28:09'),
(43,57,4,'1 a 2 hermanos ','Si','2024-06-05 10:28:09','2024-06-05 10:28:09'),
(44,57,4,'1 a 2 hermanos ','No','2024-06-05 10:28:09','2024-06-05 10:28:09'),
(45,57,4,'mas de 2 hermanos ','Si','2024-06-05 10:28:09','2024-06-05 10:28:09'),
(46,57,4,'mas de 2 hermanos ','No','2024-06-05 10:28:09','2024-06-05 10:28:09'),
(47,57,4,'Abuelos paternos ','Si','2024-06-05 10:28:09','2024-06-05 10:28:09'),
(48,57,4,'Abuelos paternos ','No','2024-06-05 10:28:09','2024-06-05 10:28:09'),
(49,57,4,'Abuelos maternos ','Si','2024-06-05 10:28:09','2024-06-05 10:28:09'),
(50,57,4,'Abuelos maternos ','No','2024-06-05 10:28:09','2024-06-05 10:28:09'),
(51,57,4,'Parientes ','Si','2024-06-05 10:28:09','2024-06-05 10:28:09'),
(52,57,4,'Parientes ','No','2024-06-05 10:28:09','2024-06-05 10:28:09'),
(53,57,4,'Pareja sentimental ','Si','2024-06-05 10:28:09','2024-06-05 10:28:09'),
(54,57,4,'Pareja sentimental ','No','2024-06-05 10:28:09','2024-06-05 10:28:09'),
(55,57,4,'Otro: ','Si','2024-06-05 10:28:09','2024-06-05 10:28:09'),
(56,57,4,'Otro: ','No','2024-06-05 10:28:09','2024-06-05 10:28:09'),
(57,58,4,'Padre ','Si','2024-06-05 10:28:09','2024-06-05 10:28:09'),
(58,58,4,'Padre ','No','2024-06-05 10:28:09','2024-06-05 10:28:09'),
(59,58,4,'Madre ','Si','2024-06-05 10:28:09','2024-06-05 10:28:09'),
(60,58,4,'Madre ','No','2024-06-05 10:28:09','2024-06-05 10:28:09'),
(61,58,4,'Hermanos ','No','2024-06-05 10:28:09','2024-06-05 10:28:09'),
(62,58,4,'Hermanos ','Si','2024-06-05 10:28:09','2024-06-05 10:28:09'),
(63,58,4,'Abuelos maternos ','Si','2024-06-05 10:28:09','2024-06-05 10:28:09'),
(64,58,4,'Abuelos maternos ','No','2024-06-05 10:28:09','2024-06-05 10:28:09'),
(65,58,4,'Abuelos paternos ','Si','2024-06-05 10:28:09','2024-06-05 10:28:09'),
(66,58,4,'Abuelos paternos ','No','2024-06-05 10:28:09','2024-06-05 10:28:09'),
(67,58,4,'Parientes ','Si','2024-06-05 10:28:09','2024-06-05 10:28:09'),
(68,58,4,'Parientes ','No','2024-06-05 10:28:09','2024-06-05 10:28:09'),
(69,58,4,'Pareja sentimental ','Si','2024-06-05 10:28:09','2024-06-05 10:28:09'),
(70,58,4,'Pareja sentimental ','No','2024-06-05 10:28:09','2024-06-05 10:28:09'),
(71,60,4,'Padre','1 a 5 años','2024-06-05 10:28:09','2024-06-05 10:28:09'),
(72,60,4,'Madre ','1 a 5 años','2024-06-05 10:28:09','2024-06-05 10:28:09'),
(73,60,4,'Hermano 1 ','1 a 5 años','2024-06-05 10:28:09','2024-06-05 10:28:09'),
(74,60,4,'Hermano 2 ','1 a 5 años','2024-06-05 10:28:09','2024-06-05 10:28:09'),
(75,60,4,'Hermano 3 ','1 a 5 años','2024-06-05 10:28:09','2024-06-05 10:28:09'),
(76,60,4,'Hermano 4 ','1 a 5 años','2024-06-05 10:28:09','2024-06-05 10:28:09'),
(77,60,4,'Padre','6 a 10 años','2024-06-05 10:28:09','2024-06-05 10:28:09'),
(78,60,4,'Madre ','6 a 10 años','2024-06-05 10:28:09','2024-06-05 10:28:09'),
(79,60,4,'Hermano 1 ','6 a 10 años','2024-06-05 10:28:09','2024-06-05 10:28:09'),
(80,60,4,'Hermano 2 ','6 a 10 años','2024-06-05 10:28:09','2024-06-05 10:28:09'),
(81,60,4,'Hermano 3 ','6 a 10 años','2024-06-05 10:28:09','2024-06-05 10:28:09'),
(82,60,4,'Hermano 4 ','6 a 10 años','2024-06-05 10:28:09','2024-06-05 10:28:09'),
(83,60,4,'Padre','11 a 15 años','2024-06-05 10:28:09','2024-06-05 10:28:09'),
(84,60,4,'Madre ','11 a 15 años','2024-06-05 10:28:09','2024-06-05 10:28:09'),
(85,60,4,'Hermano 1 ','11 a 15 años','2024-06-05 10:28:09','2024-06-05 10:28:09'),
(86,60,4,'Hermano 2 ','11 a 15 años','2024-06-05 10:28:09','2024-06-05 10:28:09'),
(87,60,4,'Hermano 3 ','11 a 15 años','2024-06-05 10:28:09','2024-06-05 10:28:09'),
(88,60,4,'Hermano 4 ','11 a 15 años','2024-06-05 10:28:09','2024-06-05 10:28:09'),
(89,60,4,'Padre','11 a 15 años','2024-06-05 10:28:09','2024-06-05 10:28:09'),
(90,60,4,'Madre ','11 a 15 años','2024-06-05 10:28:09','2024-06-05 10:28:09'),
(91,60,4,'Hermano 1 ','11 a 15 años','2024-06-05 10:28:09','2024-06-05 10:28:09'),
(92,60,4,'Hermano 2 ','11 a 15 años','2024-06-05 10:28:09','2024-06-05 10:28:09'),
(93,60,4,'Hermano 3 ','11 a 15 años','2024-06-05 10:28:09','2024-06-05 10:28:09'),
(94,60,4,'Hermano 4 ','11 a 15 años','2024-06-05 10:28:09','2024-06-05 10:28:09'),
(95,60,4,'Padre','15 a 20 años','2024-06-05 10:28:09','2024-06-05 10:28:09'),
(96,60,4,'Madre ','15 a 20 años','2024-06-05 10:28:09','2024-06-05 10:28:09'),
(97,60,4,'Hermano 1 ','15 a 20 años','2024-06-05 10:28:09','2024-06-05 10:28:09'),
(98,60,4,'Hermano 2 ','15 a 20 años','2024-06-05 10:28:09','2024-06-05 10:28:09'),
(99,60,4,'Hermano 3 ','15 a 20 años','2024-06-05 10:28:09','2024-06-05 10:28:09'),
(100,60,4,'Hermano 4 ','15 a 20 años','2024-06-05 10:28:09','2024-06-05 10:28:09'),
(101,60,4,'Padre','21 a 30 años','2024-06-05 10:28:09','2024-06-05 10:28:09'),
(102,60,4,'Madre ','21 a 30 años','2024-06-05 10:28:09','2024-06-05 10:28:09'),
(103,60,4,'Hermano 1 ','21 a 30 años','2024-06-05 10:28:09','2024-06-05 10:28:09'),
(104,60,4,'Hermano 2 ','21 a 30 años','2024-06-05 10:28:09','2024-06-05 10:28:09'),
(105,60,4,'Hermano 3 ','21 a 30 años','2024-06-05 10:28:09','2024-06-05 10:28:09'),
(106,60,4,'Hermano 4 ','21 a 30 años','2024-06-05 10:28:09','2024-06-05 10:28:09'),
(107,60,4,'Padre','31 a 40 años','2024-06-05 10:28:09','2024-06-05 10:28:09'),
(108,60,4,'Madre ','31 a 40 años','2024-06-05 10:28:09','2024-06-05 10:28:09'),
(109,60,4,'Hermano 1 ','31 a 40 años','2024-06-05 10:28:09','2024-06-05 10:28:09'),
(110,60,4,'Hermano 2 ','31 a 40 años','2024-06-05 10:28:09','2024-06-05 10:28:09'),
(111,60,4,'Hermano 3 ','31 a 40 años','2024-06-05 10:28:09','2024-06-05 10:28:09'),
(112,60,4,'Hermano 4 ','31 a 40 años','2024-06-05 10:28:09','2024-06-05 10:28:09'),
(113,60,4,'Padre','41 a 50 años','2024-06-05 10:28:09','2024-06-05 10:28:09'),
(114,60,4,'Madre ','41 a 50 años','2024-06-05 10:28:09','2024-06-05 10:28:09'),
(115,60,4,'Hermano 1 ','41 a 50 años','2024-06-05 10:28:09','2024-06-05 10:28:09'),
(116,60,4,'Hermano 2 ','41 a 50 años','2024-06-05 10:28:09','2024-06-05 10:28:09'),
(117,60,4,'Hermano 3 ','41 a 50 años','2024-06-05 10:28:09','2024-06-05 10:28:09'),
(118,60,4,'Hermano 4 ','41 a 50 años','2024-06-05 10:28:09','2024-06-05 10:28:09'),
(119,60,4,'Padre','50 a 60 años','2024-06-05 10:28:09','2024-06-05 10:28:09'),
(120,60,4,'Madre ','50 a 60 años','2024-06-05 10:28:09','2024-06-05 10:28:09'),
(121,60,4,'Hermano 1 ','50 a 60 años','2024-06-05 10:28:09','2024-06-05 10:28:09'),
(122,60,4,'Hermano 2 ','50 a 60 años','2024-06-05 10:28:09','2024-06-05 10:28:09'),
(123,60,4,'Hermano 3 ','50 a 60 años','2024-06-05 10:28:09','2024-06-05 10:28:09'),
(124,60,4,'Hermano 4 ','50 a 60 años','2024-06-05 10:28:09','2024-06-05 10:28:09'),
(125,60,4,'Padre','mas de 60 años','2024-06-05 10:28:09','2024-06-05 10:28:09'),
(126,60,4,'Madre ','mas de 60 años','2024-06-05 10:28:09','2024-06-05 10:28:09'),
(127,60,4,'Hermano 1 ','mas de 60 años','2024-06-05 10:28:09','2024-06-05 10:28:09'),
(128,60,4,'Hermano 2 ','mas de 60 años','2024-06-05 10:28:09','2024-06-05 10:28:09'),
(129,60,4,'Hermano 3 ','mas de 60 años','2024-06-05 10:28:09','2024-06-05 10:28:09'),
(130,60,4,'Hermano 4 ','mas de 60 años','2024-06-05 10:28:09','2024-06-05 10:28:09'),
(131,62,4,'Casa de tus padres (propia)','','2024-06-05 10:28:09','2024-06-05 10:28:09'),
(132,62,4,'Casa de tus padres (rentada)','','2024-06-05 10:28:09','2024-06-05 10:28:09'),
(133,62,4,'Casa de tus padres (prestada)','','2024-06-05 10:28:09','2024-06-05 10:28:09'),
(134,62,4,'Otro:','','2024-06-05 10:28:09','2024-06-05 10:28:09'),
(135,64,4,'Drenaje','','2024-06-05 10:28:09','2024-06-05 10:28:09'),
(136,64,4,'Agua Potable','','2024-06-05 10:28:09','2024-06-05 10:28:09'),
(137,64,4,'Luz','','2024-06-05 10:28:09','2024-06-05 10:28:09'),
(138,64,4,'Estuda de gas','','2024-06-05 10:28:09','2024-06-05 10:28:09'),
(139,64,4,'Telefono fijo','','2024-06-05 10:28:09','2024-06-05 10:28:09'),
(140,64,4,'Auto propio de la familia','','2024-06-05 10:28:09','2024-06-05 10:28:09'),
(141,64,4,'Television por cable','','2024-06-05 10:28:09','2024-06-05 10:28:09'),
(142,64,4,'Internet','','2024-06-05 10:28:09','2024-06-05 10:28:09'),
(143,65,4,'Autobus','','2024-06-05 10:28:09','2024-06-05 10:28:09'),
(144,65,4,'Taxi particular','','2024-06-05 10:28:09','2024-06-05 10:28:09'),
(145,65,4,'Taxi colectivo','','2024-06-05 10:28:09','2024-06-05 10:28:09'),
(146,65,4,'Motocicleta','','2024-06-05 10:28:09','2024-06-05 10:28:09'),
(147,65,4,'Auto propio','','2024-06-05 10:28:09','2024-06-05 10:28:09'),
(148,65,4,'Auto de la familia','','2024-06-05 10:28:09','2024-06-05 10:28:09'),
(149,65,4,'Ninguno','','2024-06-05 10:28:09','2024-06-05 10:28:09'),
(150,66,4,'Menos de 30 minutos','','2024-06-05 10:28:09','2024-06-05 10:28:09'),
(151,66,4,'De 30 a 60 minutos','','2024-06-05 10:28:09','2024-06-05 10:28:09'),
(152,66,4,'De 60 a 90 minutos','','2024-06-05 10:28:09','2024-06-05 10:28:09'),
(153,66,4,'De 90 a 120 minutos','','2024-06-05 10:28:09','2024-06-05 10:28:09'),
(154,66,4,'Mas de 120 minutos','','2024-06-05 10:28:09','2024-06-05 10:28:09'),
(155,67,4,'Actualmente vive con usted','Si','2024-06-05 10:28:09','2024-06-05 10:28:09'),
(156,67,4,'Recibe apoyo economico','Si','2024-06-05 10:28:09','2024-06-05 10:28:09'),
(157,67,4,'Fallecio','Si','2024-06-05 10:28:09','2024-06-05 10:28:09'),
(158,67,4,'Actualmente mantengo una buena relacion con mi padre','Si','2024-06-05 10:28:09','2024-06-05 10:28:09'),
(159,67,4,'Actualmente vive con usted','No','2024-06-05 10:28:09','2024-06-05 10:28:09'),
(160,67,4,'Recibe apoyo economico','No','2024-06-05 10:28:09','2024-06-05 10:28:09'),
(161,67,4,'Fallecio','No','2024-06-05 10:28:09','2024-06-05 10:28:09'),
(162,67,4,'Actualmente mantengo una buena relacion con mi padre','No','2024-06-05 10:28:09','2024-06-05 10:28:09'),
(163,68,4,'Actualmente vive con usted','Si','2024-06-05 10:28:09','2024-06-05 10:28:09'),
(164,68,4,'Recibe apoyo economico','Si','2024-06-05 10:28:09','2024-06-05 10:28:09'),
(165,68,4,'Fallecio','Si','2024-06-05 10:28:09','2024-06-05 10:28:09'),
(166,68,4,'Actualmente mantengo una buena relacion con mi padre','Si','2024-06-05 10:28:09','2024-06-05 10:28:09'),
(167,68,4,'Actualmente vive con usted','No','2024-06-05 10:28:09','2024-06-05 10:28:09'),
(168,68,4,'Recibe apoyo economico','No','2024-06-05 10:28:09','2024-06-05 10:28:09'),
(169,68,4,'Fallecio','No','2024-06-05 10:28:09','2024-06-05 10:28:09'),
(170,68,4,'Actualmente mantengo una buena relacion con mi padre','No','2024-06-05 10:28:09','2024-06-05 10:28:09'),
(171,69,4,'Si','','2024-06-05 10:28:09','2024-06-05 10:28:09'),
(172,69,4,'No','','2024-06-05 10:28:09','2024-06-05 10:28:09'),
(173,70,4,'Si','','2024-06-05 10:28:09','2024-06-05 10:28:09'),
(174,70,4,'No','','2024-06-05 10:28:09','2024-06-05 10:28:09'),
(175,71,4,'Si','','2024-06-05 10:28:09','2024-06-05 10:28:09'),
(176,71,4,'No','','2024-06-05 10:28:09','2024-06-05 10:28:09'),
(177,72,5,'Usas lentes','','2024-06-05 10:28:09','2024-06-05 10:28:09'),
(178,72,5,'Tienes alguna deficiencia auditiva','','2024-06-05 10:28:09','2024-06-05 10:28:09'),
(179,72,5,'Problemas de movilidad motriz','','2024-06-05 10:28:09','2024-06-05 10:28:09'),
(180,72,5,'Ninguna de las anteriores','','2024-06-05 10:28:09','2024-06-05 10:28:09'),
(181,72,5,'Otro:','','2024-06-05 10:28:09','2024-06-05 10:28:09'),
(182,73,5,'Si','','2024-06-05 10:28:09','2024-06-05 10:28:09'),
(183,73,5,'No','','2024-06-05 10:28:09','2024-06-05 10:28:09'),
(184,75,5,'Si','','2024-06-05 10:28:09','2024-06-05 10:28:09'),
(185,75,5,'No','','2024-06-05 10:28:09','2024-06-05 10:28:09'),
(186,77,5,'Si','','2024-06-05 10:28:09','2024-06-05 10:28:09'),
(187,77,5,'No','','2024-06-05 10:28:09','2024-06-05 10:28:09'),
(188,79,5,'Si','','2024-06-05 10:28:09','2024-06-05 10:28:09'),
(189,79,5,'No','','2024-06-05 10:28:09','2024-06-05 10:28:09'),
(190,81,5,'Si','','2024-06-05 10:28:09','2024-06-05 10:28:09'),
(191,81,5,'No','','2024-06-05 10:28:09','2024-06-05 10:28:09'),
(192,83,6,'Tipo de Institucion','Publica','2024-06-05 10:28:09','2024-06-05 10:28:09'),
(193,83,6,'Tipo de Institucion','Privada','2024-06-05 10:28:09','2024-06-05 10:28:09'),
(194,84,6,'Modalidad','Escolarizada','2024-06-05 10:28:09','2024-06-05 10:28:09'),
(195,84,6,'Modalidad','Abierta','2024-06-05 10:28:09','2024-06-05 10:28:09'),
(196,89,6,'Sin estudio','Completa','2024-06-05 10:28:09','2024-06-05 10:28:09'),
(197,89,6,'Primaria','Completa','2024-06-05 10:28:09','2024-06-05 10:28:09'),
(198,89,6,'Secundaria','Completa','2024-06-05 10:28:09','2024-06-05 10:28:09'),
(199,89,6,'Bachillerato','Completa','2024-06-05 10:28:09','2024-06-05 10:28:09'),
(200,89,6,'Estudios tecnicos','Completa','2024-06-05 10:28:09','2024-06-05 10:28:09'),
(201,89,6,'Licenciatura','Completa','2024-06-05 10:28:09','2024-06-05 10:28:09'),
(202,89,6,'Postgrado','Completa','2024-06-05 10:28:09','2024-06-05 10:28:09'),
(203,89,6,'Sin estudio','Incompleta','2024-06-05 10:28:09','2024-06-05 10:28:09'),
(204,89,6,'Primaria','Incompleta','2024-06-05 10:28:09','2024-06-05 10:28:09'),
(205,89,6,'Secundaria','Incompleta','2024-06-05 10:28:09','2024-06-05 10:28:09'),
(206,89,6,'Bachillerato','Incompleta','2024-06-05 10:28:09','2024-06-05 10:28:09'),
(207,89,6,'Estudios tecnicos','Incompleta','2024-06-05 10:28:09','2024-06-05 10:28:09'),
(208,89,6,'Licenciatura','Incompleta','2024-06-05 10:28:09','2024-06-05 10:28:09'),
(209,89,6,'Postgrado','Incompleta','2024-06-05 10:28:09','2024-06-05 10:28:09'),
(210,89,6,'Sin estudio','No aplica','2024-06-05 10:28:09','2024-06-05 10:28:09'),
(211,89,6,'Primaria','No aplica','2024-06-05 10:28:09','2024-06-05 10:28:09'),
(212,89,6,'Secundaria','No aplica','2024-06-05 10:28:09','2024-06-05 10:28:09'),
(213,89,6,'Bachillerato','No aplica','2024-06-05 10:28:09','2024-06-05 10:28:09'),
(214,89,6,'Estudios tecnicos','No aplica','2024-06-05 10:28:09','2024-06-05 10:28:09'),
(215,89,6,'Licenciatura','No aplica','2024-06-05 10:28:09','2024-06-05 10:28:09'),
(216,89,6,'Postgrado','No aplica','2024-06-05 10:28:09','2024-06-05 10:28:09'),
(217,90,6,'Sin estudio','Completa','2024-06-05 10:28:09','2024-06-05 10:28:09'),
(218,90,6,'Primaria','Completa','2024-06-05 10:28:09','2024-06-05 10:28:09'),
(219,90,6,'Secundaria','Completa','2024-06-05 10:28:09','2024-06-05 10:28:09'),
(220,90,6,'Bachillerato','Completa','2024-06-05 10:28:09','2024-06-05 10:28:09'),
(221,90,6,'Estudios tecnicos','Completa','2024-06-05 10:28:09','2024-06-05 10:28:09'),
(222,90,6,'Licenciatura','Completa','2024-06-05 10:28:09','2024-06-05 10:28:09'),
(223,90,6,'Postgrado','Completa','2024-06-05 10:28:09','2024-06-05 10:28:09'),
(224,90,6,'Sin estudio','Incompleta','2024-06-05 10:28:09','2024-06-05 10:28:09'),
(225,90,6,'Primaria','Incompleta','2024-06-05 10:28:09','2024-06-05 10:28:09'),
(226,90,6,'Secundaria','Incompleta','2024-06-05 10:28:09','2024-06-05 10:28:09'),
(227,90,6,'Bachillerato','Incompleta','2024-06-05 10:28:09','2024-06-05 10:28:09'),
(228,90,6,'Estudios tecnicos','Incompleta','2024-06-05 10:28:09','2024-06-05 10:28:09'),
(229,90,6,'Licenciatura','Incompleta','2024-06-05 10:28:09','2024-06-05 10:28:09'),
(230,90,6,'Postgrado','Incompleta','2024-06-05 10:28:09','2024-06-05 10:28:09'),
(231,90,6,'Sin estudio','No aplica','2024-06-05 10:28:09','2024-06-05 10:28:09'),
(232,90,6,'Primaria','No aplica','2024-06-05 10:28:09','2024-06-05 10:28:09'),
(233,90,6,'Secundaria','No aplica','2024-06-05 10:28:09','2024-06-05 10:28:09'),
(234,90,6,'Bachillerato','No aplica','2024-06-05 10:28:09','2024-06-05 10:28:09'),
(235,90,6,'Estudios tecnicos','No aplica','2024-06-05 10:28:09','2024-06-05 10:28:09'),
(236,90,6,'Licenciatura','No aplica','2024-06-05 10:28:09','2024-06-05 10:28:09'),
(237,90,6,'Postgrado','No aplica','2024-06-05 10:28:09','2024-06-05 10:28:09'),
(238,91,6,'Si','','2024-06-05 10:28:09','2024-06-05 10:28:09'),
(239,91,6,'No','','2024-06-05 10:28:09','2024-06-05 10:28:09'),
(240,92,6,'Orientacion vocacional en Bachillerato','','2024-06-05 10:28:09','2024-06-05 10:28:09'),
(241,92,6,'Conversacion con amigos','','2024-06-05 10:28:09','2024-06-05 10:28:09'),
(242,92,6,'Conversacion con mis padres o tutores','','2024-06-05 10:28:09','2024-06-05 10:28:09'),
(243,92,6,'Conversacion con otros familiares','','2024-06-05 10:28:09','2024-06-05 10:28:09'),
(244,92,6,'Conversacion con mis maestros de bachillerato','','2024-06-05 10:28:09','2024-06-05 10:28:09'),
(245,92,6,'Informacion del Programa obtenido por la Institucion','','2024-06-05 10:28:09','2024-06-05 10:28:09'),
(246,92,6,'Oportunidades de empleo futuro','','2024-06-05 10:28:09','2024-06-05 10:28:09'),
(247,92,6,'Por vocacion','','2024-06-05 10:28:09','2024-06-05 10:28:09'),
(248,92,6,'Por gusto personal','','2024-06-05 10:28:09','2024-06-05 10:28:09'),
(249,93,6,'Si','','2024-06-05 10:28:09','2024-06-05 10:28:09'),
(250,93,6,'No','','2024-06-05 10:28:09','2024-06-05 10:28:09'),
(251,96,6,'Si','','2024-06-05 10:28:09','2024-06-05 10:28:09'),
(252,96,6,'No','','2024-06-05 10:28:09','2024-06-05 10:28:09'),
(253,97,6,'Si','','2024-06-05 10:28:09','2024-06-05 10:28:09'),
(254,97,6,'No','','2024-06-05 10:28:09','2024-06-05 10:28:09'),
(255,99,6,'Desde un principio lo planee','','2024-06-05 10:28:09','2024-06-05 10:28:09'),
(256,99,6,'Me di cuenta que no correspondia con mi vocacion','','2024-06-05 10:28:09','2024-06-05 10:28:09'),
(257,99,6,'No me gusto el ambiente','','2024-06-05 10:28:09','2024-06-05 10:28:09'),
(258,99,6,'Por mejores perspectivas futuras de empleo futuro','','2024-06-05 10:28:09','2024-06-05 10:28:09'),
(259,99,6,'Por mal desempeno','','2024-06-05 10:28:09','2024-06-05 10:28:09'),
(260,99,6,'Otro:','','2024-06-05 10:28:09','2024-06-05 10:28:09'),
(261,100,7,'La bibliografia del programa','Nunca','2024-06-05 10:28:09','2024-06-05 10:28:09'),
(262,100,7,'Bibliografia que busco por mi cuenta','Nunca','2024-06-05 10:28:09','2024-06-05 10:28:09'),
(263,100,7,'Revistas especializadas','Nunca','2024-06-05 10:28:09','2024-06-05 10:28:09'),
(264,100,7,'Enciclopedias','Nunca','2024-06-05 10:28:09','2024-06-05 10:28:09'),
(265,100,7,'Diccionarios','Nunca','2024-06-05 10:28:09','2024-06-05 10:28:09'),
(266,100,7,'Libros de Texto','Nunca','2024-06-05 10:28:09','2024-06-05 10:28:09'),
(267,100,7,'Paginas Web','Nunca','2024-06-05 10:28:09','2024-06-05 10:28:09'),
(268,100,7,'La bibliografia del programa','Casi nunca','2024-06-05 10:28:09','2024-06-05 10:28:09'),
(269,100,7,'Bibliografia que busco por mi cuenta','Casi nunca','2024-06-05 10:28:09','2024-06-05 10:28:09'),
(270,100,7,'Revistas especializadas','Casi nunca','2024-06-05 10:28:09','2024-06-05 10:28:09'),
(271,100,7,'Enciclopedias','Casi nunca','2024-06-05 10:28:09','2024-06-05 10:28:09'),
(272,100,7,'Diccionarios','Casi nunca','2024-06-05 10:28:09','2024-06-05 10:28:09'),
(273,100,7,'Libros de Texto','Casi nunca','2024-06-05 10:28:09','2024-06-05 10:28:09'),
(274,100,7,'Paginas Web','Casi nunca','2024-06-05 10:28:09','2024-06-05 10:28:09'),
(275,100,7,'La bibliografia del programa','Casi siempre','2024-06-05 10:28:09','2024-06-05 10:28:09'),
(276,100,7,'Bibliografia que busco por mi cuenta','Casi siempre','2024-06-05 10:28:09','2024-06-05 10:28:09'),
(277,100,7,'Revistas especializadas','Casi siempre','2024-06-05 10:28:09','2024-06-05 10:28:09'),
(278,100,7,'Enciclopedias','Casi siempre','2024-06-05 10:28:09','2024-06-05 10:28:09'),
(279,100,7,'Diccionarios','Casi siempre','2024-06-05 10:28:09','2024-06-05 10:28:09'),
(280,100,7,'Libros de Texto','Casi siempre','2024-06-05 10:28:09','2024-06-05 10:28:09'),
(281,100,7,'Paginas Web','Casi siempre','2024-06-05 10:28:09','2024-06-05 10:28:09'),
(282,100,7,'La bibliografia del programa','Siempre','2024-06-05 10:28:09','2024-06-05 10:28:09'),
(283,100,7,'Bibliografia que busco por mi cuenta','Siemprea','2024-06-05 10:28:09','2024-06-05 10:28:09'),
(284,100,7,'Revistas especializadas','Siempre','2024-06-05 10:28:09','2024-06-05 10:28:09'),
(285,100,7,'Enciclopedias','Siempre','2024-06-05 10:28:09','2024-06-05 10:28:09'),
(286,100,7,'Diccionarios','Siempre','2024-06-05 10:28:09','2024-06-05 10:28:09'),
(287,100,7,'Libros de Texto','Siempre','2024-06-05 10:28:09','2024-06-05 10:28:09'),
(288,100,7,'Paginas Web','Siempre','2024-06-05 10:28:09','2024-06-05 10:28:09'),
(289,101,7,'Menos de 1 hora','','2024-06-05 10:28:09','2024-06-05 10:28:09'),
(290,101,7,'De 1 a 5 hrs','','2024-06-05 10:28:09','2024-06-05 10:28:09'),
(291,101,7,'De 6 a 10 hrs','','2024-06-05 10:28:09','2024-06-05 10:28:09'),
(292,101,7,'De 11 a 15 hrs','','2024-06-05 10:28:09','2024-06-05 10:28:09'),
(293,101,7,'De 16 a 20 hrs','','2024-06-05 10:28:09','2024-06-05 10:28:09'),
(294,101,7,'Mas de 20 hrs','','2024-06-05 10:28:09','2024-06-05 10:28:09'),
(295,102,7,'Solo','Nunca','2024-06-05 10:28:09','2024-06-05 10:28:09'),
(296,102,7,'En grupo','Nunca','2024-06-05 10:28:09','2024-06-05 10:28:09'),
(297,102,7,'Solo','Casi nunca','2024-06-05 10:28:09','2024-06-05 10:28:09'),
(298,102,7,'En grupo','Casi nunca','2024-06-05 10:28:09','2024-06-05 10:28:09'),
(299,102,7,'Solo','Casi siempre','2024-06-05 10:28:09','2024-06-05 10:28:09'),
(300,102,7,'En grupo','Casi siempre','2024-06-05 10:28:09','2024-06-05 10:28:09'),
(301,102,7,'Solo','Siempre','2024-06-05 10:28:09','2024-06-05 10:28:09'),
(302,102,7,'En grupo','Siemprea','2024-06-05 10:28:09','2024-06-05 10:28:09'),
(303,103,8,'En una institucion educativa','','2024-06-05 10:28:09','2024-06-05 10:28:09'),
(304,103,8,'En el sector publico','','2024-06-05 10:28:09','2024-06-05 10:28:09'),
(305,103,8,'En una empresa privada','','2024-06-05 10:28:09','2024-06-05 10:28:09'),
(306,103,8,'En el negocio de mi familia','','2024-06-05 10:28:09','2024-06-05 10:28:09'),
(307,103,8,'Poner in negocio propio','','2024-06-05 10:28:09','2024-06-05 10:28:09'),
(308,103,8,'Ejercicio libre de la profesion','','2024-06-05 10:28:09','2024-06-05 10:28:09'),
(309,104,8,'Altas','','2024-06-05 10:28:09','2024-06-05 10:28:09'),
(310,104,8,'Medias','','2024-06-05 10:28:09','2024-06-05 10:28:09'),
(311,104,8,'Bajas','','2024-06-05 10:28:09','2024-06-05 10:28:09'),
(312,104,8,'Nulas','','2024-06-05 10:28:09','2024-06-05 10:28:09'),
(313,105,8,'Considerablemente mejor','En terminos economicos','2024-06-05 10:28:09','2024-06-05 10:28:09'),
(314,105,8,'Mejor','En terminos economicos','2024-06-05 10:28:09','2024-06-05 10:28:09'),
(315,105,8,'Similar','En terminos economicos','2024-06-05 10:28:09','2024-06-05 10:28:09'),
(316,105,8,'Inferior','En terminos economicos','2024-06-05 10:28:09','2024-06-05 10:28:09'),
(317,105,8,'Considerablemente mejor','En cuanto al prestigio social','2024-06-05 10:28:09','2024-06-05 10:28:09'),
(318,105,8,'Mejor','En cuanto al prestigio social','2024-06-05 10:28:09','2024-06-05 10:28:09'),
(319,105,8,'Similar','En cuanto al prestigio social','2024-06-05 10:28:09','2024-06-05 10:28:09'),
(320,105,8,'Inferior','En cuanto al prestigio social','2024-06-05 10:28:09','2024-06-05 10:28:09'),
(321,106,8,'Si','','2024-06-05 10:28:09','2024-06-05 10:28:09'),
(322,106,8,'No','','2024-06-05 10:28:09','2024-06-05 10:28:09');

/*Table structure for table `preguntas` */

DROP TABLE IF EXISTS `preguntas`;

CREATE TABLE `preguntas` (
  `id` bigint(20) unsigned NOT NULL AUTO_INCREMENT,
  `pregunta` text NOT NULL,
  `depende_p` text DEFAULT NULL,
  `tipo` varchar(255) NOT NULL,
  `seccion_id` varchar(255) NOT NULL,
  `activo` tinyint(1) NOT NULL,
  `created_at` timestamp NULL DEFAULT NULL,
  `updated_at` timestamp NULL DEFAULT NULL,
  PRIMARY KEY (`id`)
) ENGINE=InnoDB AUTO_INCREMENT=108 DEFAULT CHARSET=utf8mb4 COLLATE=utf8mb4_general_ci;

/*Data for the table `preguntas` */

insert  into `preguntas`(`id`,`pregunta`,`depende_p`,`tipo`,`seccion_id`,`activo`,`created_at`,`updated_at`) values 
(1,'Correo',NULL,'texto','1',1,'2024-06-05 10:28:09','2024-06-05 10:28:09'),
(2,'Programa Educativo',NULL,'select','1',1,'2024-06-05 10:28:09','2024-06-05 10:28:09'),
(3,'Nombre',NULL,'texto','1',1,'2024-06-05 10:28:09','2024-06-05 10:28:09'),
(4,'Apellido Paterno',NULL,'texto','1',1,'2024-06-05 10:28:09','2024-06-05 10:28:09'),
(5,'Apellido Materno',NULL,'texto','1',1,'2024-06-05 10:28:09','2024-06-05 10:28:09'),
(6,'CURP',NULL,'curp','1',1,'2024-06-05 10:28:09','2024-06-05 10:28:09'),
(7,'RFC',NULL,'rfc','1',1,'2024-06-05 10:28:09','2024-06-05 10:28:09'),
(8,'Sexo',NULL,'opcion','1',1,'2024-06-05 10:28:09','2024-06-05 10:28:09'),
(9,'Estado Civil',NULL,'opcion','1',1,'2024-06-05 10:28:09','2024-06-05 10:28:09'),
(10,'Numero de Hijos',NULL,'opcion','1',1,'2024-06-05 10:28:09','2024-06-05 10:28:09'),
(11,'Economicamente alguien depende de ti',NULL,'texto','1',1,'2024-06-05 10:28:09','2024-06-05 10:28:09'),
(12,'Religión',NULL,'texto','1',1,'2024-06-05 10:28:09','2024-06-05 10:28:09'),
(13,'Grupo Sanguíneo',NULL,'texto','1',1,'2024-06-05 10:28:09','2024-06-05 10:28:09'),
(14,'Fecha de Nacimiento',NULL,'fecha','1',1,'2024-06-05 10:28:09','2024-06-05 10:28:09'),
(15,'Edad',NULL,'texto','1',1,'2024-06-05 10:28:09','2024-06-05 10:28:09'),
(16,'País de Nacimiento',NULL,'texto','1',1,'2024-06-05 10:28:09','2024-06-05 10:28:09'),
(17,'Estado de Nacimiento',NULL,'texto','1',1,'2024-06-05 10:28:09','2024-06-05 10:28:09'),
(18,'Municipio de Nacimiento',NULL,'texto','1',1,'2024-06-05 10:28:09','2024-06-05 10:28:09'),
(19,'Teléfono Celular',NULL,'numero','1',1,'2024-06-05 10:28:09','2024-06-05 10:28:09'),
(20,'Teléfono Casa',NULL,'numero','1',1,'2024-06-05 10:28:09','2024-06-05 10:28:09'),
(21,'Correo Electrónico Personal',NULL,'correo','1',1,'2024-06-05 10:28:09','2024-06-05 10:28:09'),
(22,'Redes Sociales',NULL,'r_social','1',1,'2024-06-05 10:28:09','2024-06-05 10:28:09'),
(23,'Calle',NULL,'texto','1',1,'2024-06-05 10:28:09','2024-06-05 10:28:09'),
(24,'No. Exterior',NULL,'texto','1',1,'2024-06-05 10:28:09','2024-06-05 10:28:09'),
(25,'No. Interior',NULL,'texto','1',1,'2024-06-05 10:28:09','2024-06-05 10:28:09'),
(26,'Colonia',NULL,'texto','1',1,'2024-06-05 10:28:09','2024-06-05 10:28:09'),
(27,'Localidad',NULL,'texto','1',1,'2024-06-05 10:28:09','2024-06-05 10:28:09'),
(28,'Municipio',NULL,'texto','1',1,'2024-06-05 10:28:09','2024-06-05 10:28:09'),
(29,'CP',NULL,'c_postal','1',1,'2024-06-05 10:28:09','2024-06-05 10:28:09'),
(30,'Menciona 2 referencias cerca de su domicilio',NULL,'texto_a','1',1,'2024-06-05 10:28:09','2024-06-05 10:28:09'),
(31,'Nombre',NULL,'texto','2',1,'2024-06-05 10:28:09','2024-06-05 10:28:09'),
(32,'Apellido Paterno',NULL,'texto','2',1,'2024-06-05 10:28:09','2024-06-05 10:28:09'),
(33,'Apellido Materno',NULL,'texto','2',1,'2024-06-05 10:28:09','2024-06-05 10:28:09'),
(34,'Parentesco',NULL,'multi','2',1,'2024-06-05 10:28:09','2024-06-05 10:28:09'),
(35,'Correo Electronico',NULL,'correo','2',1,'2024-06-05 10:28:09','2024-06-05 10:28:09'),
(36,'Telefono Celular',NULL,'numero','2',1,'2024-06-05 10:28:09','2024-06-05 10:28:09'),
(37,'Telefono de casa',NULL,'numero','2',1,'2024-06-05 10:28:09','2024-06-05 10:28:09'),
(38,'Domicilio Completo',NULL,'texto_a','2',1,'2024-06-05 10:28:09','2024-06-05 10:28:09'),
(39,'Menciona dos referencias cerca de su domicilio',NULL,'texto_a','2',1,'2024-06-05 10:28:09','2024-06-05 10:28:09'),
(40,'Nombre',NULL,'texto','3',1,'2024-06-05 10:28:09','2024-06-05 10:28:09'),
(41,'Apellido Paterno',NULL,'texto','3',1,'2024-06-05 10:28:09','2024-06-05 10:28:09'),
(42,'Apellido Materno',NULL,'texto','3',1,'2024-06-05 10:28:09','2024-06-05 10:28:09'),
(43,'Parentesco',NULL,'multi','3',1,'2024-06-05 10:28:09','2024-06-05 10:28:09'),
(44,'Correo Electronico',NULL,'correo','3',1,'2024-06-05 10:28:09','2024-06-05 10:28:09'),
(45,'Telefono Celular',NULL,'numero','3',1,'2024-06-05 10:28:09','2024-06-05 10:28:09'),
(46,'Telefono casa',NULL,'numero','3',1,'2024-06-05 10:28:09','2024-06-05 10:28:09'),
(47,'Domicilio',NULL,'texto_a','3',1,'2024-06-05 10:28:09','2024-06-05 10:28:09'),
(48,'Menciona 2 referencias cerca de su domicilio',NULL,'texto_a','3',1,'2024-06-05 10:28:09','2024-06-05 10:28:09'),
(49,'Trabajas',NULL,'opcion','4',1,'2024-06-05 10:28:09','2024-06-05 10:28:09'),
(50,'Cuantas horas trabajas a la semana','49','opcion','4',1,'2024-06-05 10:28:09','2024-06-05 10:28:09'),
(51,'Lugar de trabajo','49','texto','4',1,'2024-06-05 10:28:09','2024-06-05 10:28:09'),
(52,'Domicilio del lugar de trabajo','49','texto','4',1,'2024-06-05 10:28:09','2024-06-05 10:28:09'),
(53,'Dias de trabajo','49','multi','4',1,'2024-06-05 10:28:09','2024-06-05 10:28:09'),
(54,'Horarios de trabajo','49','texto','4',1,'2024-06-05 10:28:09','2024-06-05 10:28:09'),
(55,'Ingreso mensual','49','texto','4',1,'2024-06-05 10:28:09','2024-06-05 10:28:09'),
(56,'De quien dependes economicamente',NULL,'opcion','4',1,'2024-06-05 10:28:09','2024-06-05 10:28:09'),
(57,'Con quien vives actualmente',NULL,'multi','4',1,'2024-06-05 10:28:09','2024-06-05 10:28:09'),
(58,'Aporta al gasto familiar',NULL,'multi','4',1,'2024-06-05 10:28:09','2024-06-05 10:28:09'),
(59,'Ingreso mensual de todos los integrantes de la familia',NULL,'texto','4',1,'2024-06-05 10:28:09','2024-06-05 10:28:09'),
(60,'Edad de los integrantes de la familia',NULL,'multi','4',1,'2024-06-05 10:28:09','2024-06-05 10:28:09'),
(61,'Ocupacion del quien aporta la mayor parte del gasto familiar',NULL,'texto','4',1,'2024-06-05 10:28:09','2024-06-05 10:28:09'),
(62,'Cual es tu lugar de residencia mientras estudias la carrera',NULL,'opcion','4',1,'2024-06-05 10:28:09','2024-06-05 10:28:09'),
(63,'Tiempo de residencia en el domicilio',NULL,'texto','4',1,'2024-06-05 10:28:09','2024-06-05 10:28:09'),
(64,'En la casa donde vives hay',NULL,'multi','4',1,'2024-06-05 10:28:09','2024-06-05 10:28:09'),
(65,'Cual es el medio de transporte que utilizas regularmente para trasladarte a la escuela',NULL,'multi','4',1,'2024-06-05 10:28:09','2024-06-05 10:28:09'),
(66,'Cuanto tiempo haces diariamente para trasladarte de tu lugar de residencia a la escuela',NULL,'opcion','4',1,'2024-06-05 10:28:09','2024-06-05 10:28:09'),
(67,'Analisis relacion Padre',NULL,'multi','4',1,'2024-06-05 10:28:09','2024-06-05 10:28:09'),
(68,'Analisis relacion Madre',NULL,'multi','4',1,'2024-06-05 10:28:09','2024-06-05 10:28:09'),
(69,'Tus papas o tus abuelos son indigenas',NULL,'opcion','4',1,'2024-06-05 10:28:09','2024-06-05 10:28:09'),
(70,'Tus papas o tus abuelos entienden o hablan alguna lengua indigena',NULL,'opcion','4',1,'2024-06-05 10:28:09','2024-06-05 10:28:09'),
(71,'Tu hablas o entiendes alguna lengua indigena',NULL,'opcion','4',1,'2024-06-05 10:28:09','2024-06-05 10:28:09'),
(72,'Indica si presentas alguna de las siguientes condiciones',NULL,'multi','5',1,'2024-06-05 10:28:09','2024-06-05 10:28:09'),
(73,'Tiene algun padecimiento cronico',NULL,'opcion','5',1,'2024-06-05 10:28:09','2024-06-05 10:28:09'),
(74,'Nombre del padecimiento cronico','73','texto','5',1,'2024-06-05 10:28:09','2024-06-05 10:28:09'),
(75,'Tienes alguna alergia',NULL,'opcion','5',1,'2024-06-05 10:28:09','2024-06-05 10:28:09'),
(76,'Nombre de la alergia','75','texto','5',1,'2024-06-05 10:28:09','2024-06-05 10:28:09'),
(77,'¿Tomas algún medicamento periódicamente?',NULL,'opcion','5',1,'2024-06-05 10:28:09','2024-06-05 10:28:09'),
(78,'Nombre del medicamento','77','texto','5',1,'2024-06-05 10:28:09','2024-06-05 10:28:09'),
(79,'¿Has recibido atención psicológica o psiquiátrica?',NULL,'opcion','5',1,'2024-06-05 10:28:09','2024-06-05 10:28:09'),
(80,'Motivo de la atención psicológica o psiquiátrica','79','texto','5',1,'2024-06-05 10:28:09','2024-06-05 10:28:09'),
(81,'¿Ha estado alguna vez hospitalizado(a)?',NULL,'opcion','5',1,'2024-06-05 10:28:09','2024-06-05 10:28:09'),
(82,'Especifica el motivo de la hospitalización','81','texto_a','5',1,'2024-06-05 10:28:09','2024-06-05 10:28:09'),
(83,'¿En qué tipo de escuela realizaste tus estudios previos a la educación superior?',NULL,'opcion','6',1,'2024-06-05 10:28:09','2024-06-05 10:28:09'),
(84,'¿En qué tipo de escuela realizaste tus estudios previos a la educación superior?',NULL,'opcion','6',1,'2024-06-05 10:28:09','2024-06-05 10:28:09'),
(85,'Nombre de la institución de nivel medio superior',NULL,'texto','6',1,'2024-06-05 10:28:09','2024-06-05 10:28:09'),
(86,'Especialidad que cursó en el nivel medio superior',NULL,'texto','6',1,'2024-06-05 10:28:09','2024-06-05 10:28:09'),
(87,'Municipio donde se ubica la institución de nivel medio superior',NULL,'texto','6',1,'2024-06-05 10:28:09','2024-06-05 10:28:09'),
(88,'Estado donde se ubica la institución de nivel medio superior',NULL,'texto','6',1,'2024-06-05 10:28:09','2024-06-05 10:28:09'),
(89,'¿Cuál fue la escolaridad máxima alcanzada por tu madre?',NULL,'multi','6',1,'2024-06-05 10:28:09','2024-06-05 10:28:09'),
(90,'¿Cuál fue la escolaridad máxima alcanzada por tu padre?',NULL,'multi','6',1,'2024-06-05 10:28:09','2024-06-05 10:28:09'),
(91,'¿Tienes hermanos que estén cursando una carrera de licenciatura?',NULL,'opcion','6',1,'2024-06-05 10:28:09','2024-06-05 10:28:09'),
(92,'En el proceso para que decidieras cursar tu carrera, ¿qué factores fueron de mayor importancia?',NULL,'multi','6',1,'2024-06-05 10:28:09','2024-06-05 10:28:09'),
(93,'¿Cursas alguna otra carrera actualmente?',NULL,'opcion','6',1,'2024-06-05 10:28:09','2024-06-05 10:28:09'),
(94,'Nombre de la otra carrera que cursas actualmente','93','texto','6',1,'2024-06-05 10:28:09','2024-06-05 10:28:09'),
(95,'Nombre de la institución de la otra carrera que cursas actualmente','93','texto','6',1,'2024-06-05 10:28:09','2024-06-05 10:28:09'),
(96,'¿Cursaste otra carrera antes de entrar a la UTVT?',NULL,'opcion','6',1,'2024-06-05 10:28:09','2024-06-05 10:28:09'),
(97,'¿La carrera que cursaste anteriormente es la misma con la que iniciaste tus estudios?','96','opcion','6',1,'2024-06-05 10:28:09','2024-06-05 10:28:09'),
(98,'Nombre de la institución de la carrera que cursaste antes de entrar a la UTVT','96','texto','6',1,'2024-06-05 10:28:09','2024-06-05 10:28:09'),
(99,'¿A qué factores se debió tu cambio de carrera?','96','multi','6',1,'2024-06-05 10:28:09','2024-06-05 10:28:09'),
(100,'¿Qué tipo de lecturas acostumbras a utilizar al cursar tus estudios?',NULL,'multi','7',1,'2024-06-05 10:28:09','2024-06-05 10:28:09'),
(101,'En promedio, ¿Cuántas horas dedicas a la semana a la preparación de tus trabajos? (comprende lecturas y preparación de trabajos y tareas)',NULL,'opcion','7',1,'2024-06-05 10:28:09','2024-06-05 10:28:09'),
(102,'¿Cuáles son las formas de estudio y/o realización de trabajos escolares que empleas regularmente?',NULL,'multi','7',1,'2024-06-05 10:28:09','2024-06-05 10:28:09'),
(103,'De acuerdo con la carrera que cursas actualmente, ¿en qué espacio laboral pretenderías preferentemente desarrollar tu actividad profesional?',NULL,'opcion','8',1,'2024-06-05 10:28:09','2024-06-05 10:28:09'),
(104,'Una vez concluidos tus estudios, ¿cómo consideras tus posibilidades de encontrar trabajo relacionado con tu profesión?',NULL,'opcion','8',1,'2024-06-05 10:28:09','2024-06-05 10:28:09'),
(105,'En comparación con la ocupación de tu padre o de la persona que ocupa el lugar de jefe de familia, ¿cómo percibes el desarrollo de tu vida profesional una vez que concluyas tus estudios de licenciatura?',NULL,'multi','8',1,'2024-06-05 10:28:09','2024-06-05 10:28:09'),
(106,'¿Dentro de tus planes futuros piensas realizar estudios de posgrado después de concluir tu carrera?',NULL,'opcion','8',1,'2024-06-05 10:28:09','2024-06-05 10:28:09');

/*Table structure for table `programa_edu` */

DROP TABLE IF EXISTS `programa_edu`;

CREATE TABLE `programa_edu` (
  `id` bigint(20) unsigned NOT NULL AUTO_INCREMENT,
  `grado` varchar(20) DEFAULT NULL,
  `nombre` text DEFAULT NULL,
  `clave` varchar(10) DEFAULT NULL,
  `created_at` timestamp NULL DEFAULT NULL,
  `updated_at` timestamp NULL DEFAULT NULL,
  PRIMARY KEY (`id`)
) ENGINE=InnoDB AUTO_INCREMENT=21 DEFAULT CHARSET=utf8mb4 COLLATE=utf8mb4_general_ci;

/*Data for the table `programa_edu` */

insert  into `programa_edu`(`id`,`grado`,`nombre`,`clave`,`created_at`,`updated_at`) values 
(1,'TSU','Desarrollo de Software Multiplataforma','DSM',NULL,NULL),
(2,'TSU','Infraestructura de Redes digitales','IRD',NULL,NULL),
(3,'TSU','Mantenimiento Industrial','MI',NULL,NULL),
(4,'TSU','Sistemas de Manufactura Flexible','SMF',NULL,NULL),
(5,'TSU','Procesos Productivos','PP',NULL,NULL),
(6,'TSU','Gestion Ambiental','GA',NULL,NULL),
(7,'TSU','Paramedico','Paramedico',NULL,NULL),
(8,'TSU','Ventas','Ventas',NULL,NULL),
(9,'TSU','Mercadotecnia','Mercadotec',NULL,NULL),
(10,'TSU','Biotecnologia','Biotecnolo',NULL,NULL),
(11,'TSU','Tecnologia de Alimentos','TA',NULL,NULL),
(12,'Ingenieria','Diseño y Gestion de Software','IDGS',NULL,NULL),
(13,'Ingenieria','Mantenimiento','Mantenimie',NULL,NULL),
(14,'Ingenieria','Mecatronica','Mecatronic',NULL,NULL),
(15,'Ingenieria','Industrial','Industrial',NULL,NULL),
(16,'Ingenieria','Biotecnologia','Biotecnolo',NULL,NULL),
(17,'Ingenieria','Alimentos','Alimentos',NULL,NULL),
(18,'Licenciatura','Proteccion Civil y Emergencias','IPCE',NULL,NULL),
(19,'Licenciatura','Negocios y Mercadotecnia','INM',NULL,NULL),
(20,'Licenciatura','Enfermeria','LE',NULL,NULL);

/*Table structure for table `respuestas` */

DROP TABLE IF EXISTS `respuestas`;

CREATE TABLE `respuestas` (
  `id` bigint(20) unsigned NOT NULL AUTO_INCREMENT,
  `respuesta` text NOT NULL,
  `pregunta_id` bigint(20) unsigned NOT NULL,
  `created_at` timestamp NULL DEFAULT NULL,
  `updated_at` timestamp NULL DEFAULT NULL,
  PRIMARY KEY (`id`),
  KEY `respuesta_fk_pregunta_foreign` (`pregunta_id`),
  CONSTRAINT `respuesta_fk_pregunta_foreign` FOREIGN KEY (`pregunta_id`) REFERENCES `preguntas` (`id`)
) ENGINE=InnoDB DEFAULT CHARSET=utf8mb4 COLLATE=utf8mb4_general_ci;

/*Data for the table `respuestas` */

/*Table structure for table `roles` */

DROP TABLE IF EXISTS `roles`;

CREATE TABLE `roles` (
  `id` bigint(20) unsigned NOT NULL AUTO_INCREMENT,
  `nombre` varchar(255) NOT NULL,
  `descripcion` varchar(255) NOT NULL,
  `created_at` timestamp NULL DEFAULT NULL,
  `updated_at` timestamp NULL DEFAULT NULL,
  PRIMARY KEY (`id`)
) ENGINE=InnoDB AUTO_INCREMENT=5 DEFAULT CHARSET=utf8mb4 COLLATE=utf8mb4_general_ci;

/*Data for the table `roles` */

insert  into `roles`(`id`,`nombre`,`descripcion`,`created_at`,`updated_at`) values 
(1,'Director de Carrera','Hola',NULL,NULL),
(2,'PTC/Tutor','Hola',NULL,NULL),
(3,'Estudiante','Hola',NULL,NULL),
(4,'Psicologia','Hola',NULL,NULL);

/*Table structure for table `secciones` */

DROP TABLE IF EXISTS `secciones`;

CREATE TABLE `secciones` (
  `id` bigint(20) unsigned NOT NULL AUTO_INCREMENT,
  `nombre` varchar(255) NOT NULL,
  `descripcion` text DEFAULT NULL,
  `created_at` timestamp NULL DEFAULT NULL,
  `updated_at` timestamp NULL DEFAULT NULL,
  PRIMARY KEY (`id`)
) ENGINE=InnoDB AUTO_INCREMENT=9 DEFAULT CHARSET=utf8mb4 COLLATE=utf8mb4_general_ci;

/*Data for the table `secciones` */

insert  into `secciones`(`id`,`nombre`,`descripcion`,`created_at`,`updated_at`) values 
(1,'general','Datos Generales',NULL,NULL),
(2,'emergencia','Datos de Emergencia',NULL,NULL),
(3,'emergencia2','Datos de Emergencia(2)',NULL,NULL),
(4,'socioeconomico','Aspectos Socioeconomicos',NULL,NULL),
(5,'salud','Condiciones de Salud',NULL,NULL),
(6,'escolar','Rendimiento Escolar',NULL,NULL),
(7,'habitos','Habitos de Estudio y Practicas Escolares',NULL,NULL),
(8,'expectativas','Expectativas Educativas y Ocupacionales',NULL,NULL);

/*Table structure for table `usuario_respuesta` */

DROP TABLE IF EXISTS `usuario_respuesta`;

CREATE TABLE `usuario_respuesta` (
  `id` bigint(200) unsigned NOT NULL AUTO_INCREMENT,
  `usuario_id` bigint(200) unsigned NOT NULL,
  `pregunta_id` bigint(200) unsigned NOT NULL,
  `opcion_id` bigint(200) unsigned DEFAULT NULL,
  `seccion_id` bigint(200) unsigned DEFAULT NULL,
  `respuesta_texto` text DEFAULT NULL,
  `created_at` timestamp NULL DEFAULT NULL,
  `updated_at` timestamp NULL DEFAULT NULL,
  PRIMARY KEY (`id`),
  KEY `usuario_respuesta_usuario_id_foreign` (`usuario_id`),
  KEY `usuario_respuesta_pregunta_id_foreign` (`pregunta_id`),
  KEY `usuario_respuesta_opcion_id_foreign` (`opcion_id`),
  KEY `usuario_respuesta_seccion_id_foreign` (`seccion_id`),
  CONSTRAINT `usuario_respuesta_opcion_id_foreign` FOREIGN KEY (`opcion_id`) REFERENCES `opciones_respuesta` (`id`),
  CONSTRAINT `usuario_respuesta_pregunta_id_foreign` FOREIGN KEY (`pregunta_id`) REFERENCES `preguntas` (`id`),
  CONSTRAINT `usuario_respuesta_seccion_id_foreign` FOREIGN KEY (`seccion_id`) REFERENCES `secciones` (`id`),
  CONSTRAINT `usuario_respuesta_usuario_id_foreign` FOREIGN KEY (`usuario_id`) REFERENCES `usuarios` (`id`)
) ENGINE=InnoDB AUTO_INCREMENT=819 DEFAULT CHARSET=utf8mb4 COLLATE=utf8mb4_general_ci;

/*Data for the table `usuario_respuesta` */

/*Table structure for table `usuarios` */

DROP TABLE IF EXISTS `usuarios`;

CREATE TABLE `usuarios` (
  `id` bigint(20) unsigned NOT NULL AUTO_INCREMENT,
  `nombre` varchar(50) NOT NULL,
  `apellido_paterno` varchar(50) NOT NULL,
  `apellido_materno` varchar(50) NOT NULL,
  `matricula` int(11) DEFAULT NULL,
  `carrera` varchar(255) DEFAULT NULL,
  `email` text NOT NULL,
  `email_verified_at` timestamp NULL DEFAULT NULL,
  `pass` text NOT NULL,
  `remember_token` varchar(100) DEFAULT NULL,
  `rol_id` bigint(20) unsigned NOT NULL,
  `created_at` timestamp NULL DEFAULT NULL,
  `updated_at` timestamp NULL DEFAULT NULL,
  PRIMARY KEY (`id`),
  UNIQUE KEY `users_email_unique` (`email`) USING HASH,
  KEY `users_rol_id_foreign` (`rol_id`),
  CONSTRAINT `users_rol_id_foreign` FOREIGN KEY (`rol_id`) REFERENCES `roles` (`id`)
) ENGINE=InnoDB AUTO_INCREMENT=6 DEFAULT CHARSET=utf8mb4 COLLATE=utf8mb4_general_ci;

/*Data for the table `usuarios` */

insert  into `usuarios`(`id`,`nombre`,`apellido_paterno`,`apellido_materno`,`matricula`,`carrera`,`email`,`email_verified_at`,`pass`,`remember_token`,`rol_id`,`created_at`,`updated_at`) values 
(1,'Eduh','Olvera','Aldama',NULL,NULL,'director@gmail.com',NULL,'1234',NULL,1,NULL,NULL),
(2,'Eduh','Olvera','Aldama',NULL,NULL,'ptc@gmail.com',NULL,'1234',NULL,2,NULL,NULL),
(3,'Eduh','Olvera','Aldama',NULL,NULL,'estudiante@gmail.com',NULL,'1234',NULL,3,NULL,NULL),
(4,'Eduh','Olvera','Aldama',NULL,NULL,'psicologia@gmail.com',NULL,'1234',NULL,4,NULL,NULL),
(5,'Eduh','Olvera','Aldama',NULL,NULL,'eduholvera@gmail.com',NULL,'1234',NULL,2,NULL,NULL);

/*!40101 SET SQL_MODE=@OLD_SQL_MODE */;
/*!40014 SET FOREIGN_KEY_CHECKS=@OLD_FOREIGN_KEY_CHECKS */;
/*!40014 SET UNIQUE_CHECKS=@OLD_UNIQUE_CHECKS */;
/*!40111 SET SQL_NOTES=@OLD_SQL_NOTES */;
