/*
SQLyog Community v13.2.0 (64 bit)
MySQL - 10.4.32-MariaDB : Database - encuesta
*********************************************************************
*/

/*!40101 SET NAMES utf8 */;

/*!40101 SET SQL_MODE=''*/;

/*!40014 SET @OLD_UNIQUE_CHECKS=@@UNIQUE_CHECKS, UNIQUE_CHECKS=0 */;
/*!40014 SET @OLD_FOREIGN_KEY_CHECKS=@@FOREIGN_KEY_CHECKS, FOREIGN_KEY_CHECKS=0 */;
/*!40101 SET @OLD_SQL_MODE=@@SQL_MODE, SQL_MODE='NO_AUTO_VALUE_ON_ZERO' */;
/*!40111 SET @OLD_SQL_NOTES=@@SQL_NOTES, SQL_NOTES=0 */;
CREATE DATABASE /*!32312 IF NOT EXISTS*/`encuesta` /*!40100 DEFAULT CHARACTER SET utf8mb4 COLLATE utf8mb4_general_ci */;

USE `encuesta`;

/*Table structure for table `colonias` */

DROP TABLE IF EXISTS `colonias`;

CREATE TABLE `colonias` (
  `id` int(11) NOT NULL AUTO_INCREMENT,
  `nombre` varchar(100) NOT NULL DEFAULT '',
  `ciudad` varchar(50) DEFAULT NULL,
  `municipio` int(6) DEFAULT NULL,
  `asentamiento` varchar(25) DEFAULT NULL,
  `codigo_postal` int(5) DEFAULT NULL,
  PRIMARY KEY (`id`),
  KEY `index_municipio` (`municipio`) USING BTREE,
  KEY `index_nombre` (`nombre`) USING BTREE,
  KEY `index_asentamiento` (`asentamiento`) USING BTREE,
  KEY `index_codigo_postal` (`codigo_postal`) USING BTREE,
  KEY `index_ciudad` (`ciudad`) USING BTREE,
  CONSTRAINT `fk_municipio` FOREIGN KEY (`municipio`) REFERENCES `municipios` (`id`) ON DELETE CASCADE ON UPDATE CASCADE
) ENGINE=InnoDB AUTO_INCREMENT=1607710190 DEFAULT CHARSET=utf8 COLLATE=utf8_unicode_ci;

/*Data for the table `colonias` */

/*Table structure for table `dependencias_preguntas` */

DROP TABLE IF EXISTS `dependencias_preguntas`;

CREATE TABLE `dependencias_preguntas` (
  `id` bigint(20) unsigned NOT NULL AUTO_INCREMENT,
  `pregunta_id` bigint(20) unsigned NOT NULL,
  `depende_de_pregunta_id` bigint(20) unsigned NOT NULL,
  PRIMARY KEY (`id`),
  KEY `fk_dependencia_pregunta` (`pregunta_id`),
  KEY `fk_depende_de_pregunta` (`depende_de_pregunta_id`),
  CONSTRAINT `fk_depende_de_pregunta` FOREIGN KEY (`depende_de_pregunta_id`) REFERENCES `preguntas` (`id`) ON DELETE CASCADE,
  CONSTRAINT `fk_dependencia_pregunta` FOREIGN KEY (`pregunta_id`) REFERENCES `preguntas` (`id`) ON DELETE CASCADE
) ENGINE=InnoDB AUTO_INCREMENT=25 DEFAULT CHARSET=utf8mb4 COLLATE=utf8mb4_general_ci;

/*Data for the table `dependencias_preguntas` */

insert  into `dependencias_preguntas`(`id`,`pregunta_id`,`depende_de_pregunta_id`) values 
(9,51,50),
(10,52,50),
(11,53,50),
(12,54,50),
(13,55,50),
(14,56,50),
(15,75,74),
(16,77,76),
(17,79,78),
(18,81,80),
(19,83,82),
(20,95,94),
(21,96,94),
(22,98,97),
(23,99,97),
(24,100,97);

/*Table structure for table `estados` */

DROP TABLE IF EXISTS `estados`;

CREATE TABLE `estados` (
  `id` int(4) NOT NULL AUTO_INCREMENT,
  `nombre` varchar(50) CHARACTER SET utf8 COLLATE utf8_unicode_ci NOT NULL DEFAULT '',
  `pais` int(3) NOT NULL DEFAULT 0,
  PRIMARY KEY (`id`),
  KEY `index_pais` (`pais`) USING BTREE,
  CONSTRAINT `fk_pais` FOREIGN KEY (`pais`) REFERENCES `paises` (`id`) ON DELETE CASCADE ON UPDATE CASCADE
) ENGINE=InnoDB AUTO_INCREMENT=33 DEFAULT CHARSET=utf8mb4 COLLATE=utf8mb4_unicode_ci;

/*Data for the table `estados` */

insert  into `estados`(`id`,`nombre`,`pais`) values 
(1,'Aguascalientes',1),
(2,'Baja California',1),
(3,'Baja California Sur',1),
(4,'Campeche',1),
(5,'Chiapas',1),
(6,'Chihuahua',1),
(7,'Coahuila',1),
(8,'Colima',1),
(9,'Ciudad de México',1),
(10,'Durango',1),
(11,'Estado de México',1),
(12,'Guanajuato',1),
(13,'Guerrero',1),
(14,'Hidalgo',1),
(15,'Jalisco',1),
(16,'Michoacán',1),
(17,'Morelos',1),
(18,'Nayarit',1),
(19,'Nuevo León',1),
(20,'Oaxaca',1),
(21,'Puebla',1),
(22,'Querétaro',1),
(23,'Quintana Roo',1),
(24,'San Luis Potosí',1),
(25,'Sinaloa',1),
(26,'Sonora',1),
(27,'Tabasco',1),
(28,'Tamaulipas',1),
(29,'Tlaxcala',1),
(30,'Veracruz',1),
(31,'Yucatán',1),
(32,'Zacatecas',1);

/*Table structure for table `gruposv` */

DROP TABLE IF EXISTS `gruposv`;

CREATE TABLE `gruposv` (
  `id` int(11) NOT NULL AUTO_INCREMENT,
  `nombregv` text DEFAULT NULL,
  `descripcion` text DEFAULT NULL,
  PRIMARY KEY (`id`)
) ENGINE=InnoDB AUTO_INCREMENT=5 DEFAULT CHARSET=utf8mb4 COLLATE=utf8mb4_general_ci;

/*Data for the table `gruposv` */

insert  into `gruposv`(`id`,`nombregv`,`descripcion`) values 
(1,'Comunidades Indigenas','Estudiantes que pertenecen a pueblos originarios, con identidades culturales y lingüísticas propias.'),
(2,'Factores Economicos','Estudiantes que provienen de hogares con bajos recursos económicos. Estos estudiantes enfrentan barreras significativas, como dificultades para costear la matrícula, materiales, transporte, y gastos de vida.'),
(3,'LGBTQ+','Estudiantes que se identifican con otras identidades de género'),
(4,'Paternales','Estudiantes padres o madres en universidades está compuesto por aquellos que tienen responsabilidades parentales mientras cursan sus estudios.');

/*Table structure for table `i_genero` */

DROP TABLE IF EXISTS `i_genero`;

CREATE TABLE `i_genero` (
  `id` int(11) NOT NULL AUTO_INCREMENT,
  `nombreig` text DEFAULT NULL,
  `descripcion` text DEFAULT NULL,
  PRIMARY KEY (`id`)
) ENGINE=InnoDB AUTO_INCREMENT=9 DEFAULT CHARSET=utf8mb4 COLLATE=utf8mb4_general_ci;

/*Data for the table `i_genero` */

insert  into `i_genero`(`id`,`nombreig`,`descripcion`) values 
(1,'Cisgénero','Cuando la identidad de género coincide con el sexo asignado al nacer.'),
(2,'Transgénero/Transexual','Personas cuya identidad de género difiere del sexo asignado al nacer.'),
(3,'No binario','Aquellas personas que no se identifican exclusivamente como hombre o mujer.'),
(4,'Género fluido','Personas cuya identidad de género puede variar con el tiempo.'),
(5,'Agénero','Persona que no se identifica con ningún género en particular o siente una ausencia de género.'),
(6,'Demigénero','Personas cuya identidad de género está parcialmente, pero no completamente, conectada con un género específico.'),
(7,'Bigénero','Personas que se identifican con dos géneros diferentes, ya sea al mismo tiempo o en momentos distintos. Estos géneros pueden ser cualquier combinación dentro del espectro de género.'),
(8,'Queer','A diferencia de identidades de género más definidas como \"hombre\" o \"mujer\", \"queer\" es un término inclusivo que puede englobar diversas formas de identidad de género y sexualidad.');

/*Table structure for table `links` */

DROP TABLE IF EXISTS `links`;

CREATE TABLE `links` (
  `id` bigint(20) NOT NULL AUTO_INCREMENT,
  `id_usuario` int(11) DEFAULT NULL,
  `token` text DEFAULT NULL,
  `activo` int(11) DEFAULT NULL,
  `created_at` timestamp NULL DEFAULT NULL,
  `updated_at` timestamp NULL DEFAULT NULL,
  PRIMARY KEY (`id`)
) ENGINE=InnoDB AUTO_INCREMENT=3 DEFAULT CHARSET=utf8mb4 COLLATE=utf8mb4_general_ci;

/*Data for the table `links` */

/*Table structure for table `municipios` */

DROP TABLE IF EXISTS `municipios`;

CREATE TABLE `municipios` (
  `id` int(6) NOT NULL AUTO_INCREMENT,
  `nombre` varchar(50) CHARACTER SET utf8 COLLATE utf8_unicode_ci NOT NULL DEFAULT '',
  `estado` int(4) NOT NULL DEFAULT 0,
  PRIMARY KEY (`id`),
  KEY `index_estado` (`estado`) USING BTREE,
  CONSTRAINT `fk_estado` FOREIGN KEY (`estado`) REFERENCES `estados` (`id`) ON DELETE CASCADE ON UPDATE CASCADE
) ENGINE=InnoDB AUTO_INCREMENT=33597 DEFAULT CHARSET=utf8mb4 COLLATE=utf8mb4_unicode_ci;

/*Data for the table `municipios` */

insert  into `municipios`(`id`,`nombre`,`estado`) values 
(32352,'Aguascalientes',1),
(32353,'Asientos',1),
(32354,'Calvillo',1),
(32355,'Cosío',1),
(32356,'El Llano',1),
(32357,'Jesus María',1),
(32358,'Pabellón de Arteaga',1),
(32359,'Rincón de Romos',1),
(32360,'San José de Gracia',1),
(32361,'Tepezalá',1),
(32362,'Villa García',1),
(32363,'Ensenada',2),
(32364,'Mexicali',2),
(32365,'Tijuana',2),
(32366,'Playas de Rosarito',2),
(32367,'Tecate',2),
(32368,'La Paz',3),
(32369,'Los Cabos',3),
(32370,'Comondú',3),
(32371,'Loreto',3),
(32372,' Mulegé',3),
(32373,'Campeche',4),
(32374,'Carmen',4),
(32375,'Champotón',4),
(32376,'Escárcega',4),
(32377,'Hopelchén',4),
(32378,'Palizada',4),
(32379,'Tenabo',4),
(32380,'Calkiní',4),
(32381,'Calakmul',4),
(32382,'Ciudad del Carmen',4),
(32383,'Candelaria',4),
(32384,'Acacoyagua',5),
(32385,'Acala',5),
(32386,'Aldama',5),
(32387,'Altamirano',5),
(32388,'Amatán',5),
(32389,'Ángel Albino Corzo',5),
(32390,'Arriaga',5),
(32391,'Bachajón',5),
(32392,'Berriozábal',5),
(32393,'Bochil',5),
(32394,'Cacahoatán',5),
(32395,'Catazajá',5),
(32396,'Chalchihuitán',5),
(32397,'Chamula',5),
(32398,'Chanal',5),
(32399,'Chiapilla',5),
(32400,'Chicoasén',5),
(32401,'Chicomuselo',5),
(32402,'Chilon',5),
(32403,'Cintalapa',5),
(32404,'Coapilla',5),
(32405,'Comitán de Domínguez',5),
(32406,'Copainalá',5),
(32407,'El Bosque',5),
(32408,'El Porvenir',5),
(32409,'Francisco León',5),
(32410,'Fraylesca',5),
(32411,'Huehuetán',5),
(32412,'Huixtla',5),
(32413,'Ixtapa',5),
(32414,'Ixtacomitán',5),
(32415,'Larrainzar',5),
(32416,'Las Margaritas',5),
(32417,'López Mateos',5),
(32418,'Mapastepec',5),
(32419,'Maravilla Tenejapa',5),
(32420,'Mitontic',5),
(32421,'Motozintla',5),
(32422,'Ocozocoautla de Espinosa',5),
(32423,'Ocosingo',5),
(32424,'Oxchuc',5),
(32425,'Pijijiapan',5),
(32426,'Pueblo Nuevo Solistahuacán',5),
(32427,'Rayón',5),
(32428,'San Andrés Duraznal',5),
(32429,'San Cristóbal de las Casas',5),
(32430,'San Fernando',5),
(32431,'San Juan Chamula',5),
(32432,'San Lucas',5),
(32433,'San Miguel',5),
(32434,'San Pedro Chenalhó',5),
(32435,'San Salvador',5),
(32436,'Santiago el Pinar',5),
(32437,'Simojovel',5),
(32438,'Soyaló',5),
(32439,'Tapachula',5),
(32440,'Teopisca',5),
(32441,'Tenejapa',5),
(32442,'Tila',5),
(32443,'Tonala',5),
(32444,'Tuxtla Gutiérrez',5),
(32445,'Venustiano Carranza',5),
(32446,'Villa Flores',5),
(32447,'Villaflores',5),
(32448,'Zinacantán',5),
(32449,'Ahumada',6),
(32450,'Aldama',6),
(32451,'Allende',6),
(32452,'Aquiles Serdán',6),
(32453,'Ascensión',6),
(32454,'Bachíniva',6),
(32455,'Bocoyna',6),
(32456,'Buenaventura',6),
(32457,'Camargo',6),
(32458,'Chihuahua',6),
(32459,'Chínipas',6),
(32460,'Delicias',6),
(32461,'El Cruce',6),
(32462,'El Tule',6),
(32463,'Guachochi',6),
(32464,'Guadalupe y Calvo',6),
(32465,'Guadalupe',6),
(32466,'Huejotitán',6),
(32467,'Ignacio Zaragoza',6),
(32468,'Janos',6),
(32469,'La Cruz',6),
(32470,'La Huerta',6),
(32471,'Madera',6),
(32472,'Majalca',6),
(32473,'Manuel Benavides',6),
(32474,'Meoqui',6),
(32475,'Moriscoco',6),
(32476,'Namiquipa',6),
(32477,'Nuevo Casas Grandes',6),
(32478,'Ojinaga',6),
(32479,'Praxedis G. Guerrero',6),
(32480,'Rosales',6),
(32481,'Sabinas Hidalgo',6),
(32482,'Saucillo',6),
(32483,'Temósachic',6),
(32484,'Julimes',6),
(32485,'La Junta',6),
(32486,'Santa Bárbara',6),
(32487,'Sierra Mojada',6),
(32488,'Valle de Zaragoza',6),
(32489,'Villa Ahumada',6),
(32490,'Villa de Allende',6),
(32491,'Villa de Enrique',6),
(32492,'Villa López',6),
(32493,'Villa Quiñones',6),
(32494,'Zapata',6),
(32495,'Chihuahua',6),
(32496,'Acuña',7),
(32497,'Allende',7),
(32498,'Arteaga',7),
(32499,'Candela',7),
(32500,'Castaños',7),
(32501,'Cuatro Ciénegas',7),
(32502,'Escobedo',7),
(32503,'Francisco I. Madero',7),
(32504,'Frontera',7),
(32505,'General Cepeda',7),
(32506,'Guerrero',7),
(32507,'Hacienda de Gómez',7),
(32508,'Monclova',7),
(32509,'Morelos',7),
(32510,'Nadadores',7),
(32511,'Nava',7),
(32512,'Piedras Negras',7),
(32513,'Progreso',7),
(32514,'Ramos Arizpe',7),
(32515,'Sabinas',7),
(32516,'Sacramento',7),
(32517,'Saltillo',7),
(32518,'San Buenaventura',7),
(32519,'San Juan de Sabinas',7),
(32520,'San Pedro de las Colonias',7),
(32521,'Sierra Mojada',7),
(32522,'Torreón',7),
(32523,'Viesca',7),
(32524,'Zaragoza',7),
(32525,'Colima',8),
(32526,'Comala',8),
(32527,'Coquimatlán',8),
(32528,'Villa de Álvarez',8),
(32529,'Tecomán',8),
(32530,'Manzanillo',8),
(32531,'Armería',8),
(32532,'Ixtlahuacán',8),
(32533,'Minatitlán',8),
(32534,'Cuauhtémoc',8),
(32535,'Álvaro Obregón',9),
(32536,'Azcapotzalco',9),
(32537,'Benito Juárez',9),
(32538,'Coyoacán',9),
(32539,'Cuajimalpa de Morelos',9),
(32540,'Gustavo A. Madero',9),
(32541,'Iztacalco',9),
(32542,'Iztapalapa',9),
(32543,'La Magdalena Contreras',9),
(32544,'Miguel Hidalgo',9),
(32545,'Milpa Alta',9),
(32546,'Tlalpan',9),
(32547,'Tláhuac',9),
(32548,'Venustiano Carranza',9),
(32549,'Xochimilco',9),
(32550,'Cuauhtémoc',9),
(32551,'Álvaro Obregón',9),
(32552,'Durango',10),
(32553,'Acaponeta',10),
(32554,'Canelas',10),
(32555,'Crown',10),
(32556,'El Mezquital',10),
(32557,'Gomez Palacio',10),
(32558,'Guanacevi',10),
(32559,'Indé',10),
(32560,'Lerdo',10),
(32561,'Mapimí',10),
(32562,'Nazas',10),
(32563,'Nombre de Dios',10),
(32564,'Ocampo',10),
(32565,'Otáez',10),
(32566,'Pánuco de Coronado',10),
(32567,'Peñón Blanco',10),
(32568,'Rodeo',10),
(32569,'San Dimas',10),
(32570,'San Juan de Guadalupe',10),
(32571,'San Luis del Cordero',10),
(32572,'San Pedro del Gallo',10),
(32573,'Santiago Papasquiaro',10),
(32574,'Simón Bolívar',10),
(32575,'Tepehuanes',10),
(32576,'Tlahualilo',10),
(32577,'Torreón',10),
(32578,'Mapimí',10),
(32579,'Vicente Guerrero',10),
(32580,'El Oro',10),
(32581,'San Juan de los Morros',10),
(32582,'Canatlán',10),
(32583,'Lerdo',10),
(32584,'El Oro',10),
(32585,'Durango',10),
(32586,'Torreón',10),
(32587,'Gomez Palacio',10),
(32588,'Acambay de Ruiz Calzada',11),
(32589,'Acolman',11),
(32590,'Aculco',11),
(32591,'Almoloya de Alquisiras',11),
(32592,'Almoloya del Río',11),
(32593,'Amatepec',11),
(32594,'Amanalco de Becerra',11),
(32595,'Apaxco',11),
(32596,'Atizapán de Zaragoza',11),
(32597,'Atlacomulco',11),
(32598,'Axapusco',11),
(32599,'Ayapango',11),
(32600,'Boca del Río',11),
(32601,'Borra',11),
(32602,'Calimaya',11),
(32603,'Capulhuac',11),
(32604,'Chalco',11),
(32605,'Chapa de Mota',11),
(32606,'Chicoloapan',11),
(32607,'Chimalhuacán',11),
(32608,'Coacalco de Berriozábal',11),
(32609,'Cocotitlán',11),
(32610,'Coyotepec',11),
(32611,'Cuautitlán',11),
(32612,'Cuautitlán Izcalli',11),
(32613,'Ecatzingo',11),
(32614,'Ecatepec de Morelos',11),
(32615,'Eisenberg',11),
(32616,'El Oro',11),
(32617,'Huehuetoca',11),
(32618,'Hueypoxtla',11),
(32619,'Ixtapaluca',11),
(32620,'Ixtapan de la Sal',11),
(32621,'Jaltenco',11),
(32622,'Jiquipilco',11),
(32623,'La Paz',11),
(32624,'Lerma',11),
(32625,'Malinalco',11),
(32626,'Metepec',11),
(32627,'Mizquiahuala',11),
(32628,'Morelos',11),
(32629,'Nicolás Romero',11),
(32630,'Ocoyoacac',11),
(32631,'Ocuilan',11),
(32632,'Ometepec',11),
(32633,'Otumba',11),
(32634,'Ozumba',11),
(32635,'San Antonio la Isla',11),
(32636,'San Felipe del Progreso',11),
(32637,'San José del Rincón',11),
(32638,'San Martín de las Pirámides',11),
(32639,'San Salvador Atenco',11),
(32640,'Santo Tomás',11),
(32641,'Santo Tomás',11),
(32642,'Tejupilco',11),
(32643,'Temamatla',11),
(32644,'Temascalapa',11),
(32645,'Temascaltepec',11),
(32646,'Texcoco',11),
(32647,'Tlalnepantla de Baz',11),
(32648,'Tlatlaya',11),
(32649,'Toluca',11),
(32650,'Tultitlán',11),
(32651,'Valle de Bravo',11),
(32652,'Valle de Chalco Solidaridad',11),
(32653,'Zacazonapan',11),
(32654,'Zacualpan',11),
(32655,'Zinacantepec',11),
(32656,'Zumpango',11),
(32657,'Abasolo',12),
(32658,'Acámbaro',12),
(32659,'Apaseo el Alto',12),
(32660,'Apaseo el Grande',12),
(32661,'Atarjea',12),
(32662,'Celaya',12),
(32663,'Cortazar',12),
(32664,'Crevillente',12),
(32665,'Irapuato',12),
(32666,'Jaral del Progreso',12),
(32667,'León',12),
(32668,'Moroleón',12),
(32669,'Ocampo',12),
(32670,'Pénjamo',12),
(32671,'Salamanca',12),
(32672,'Salvatierra',12),
(32673,'San Diego de la Unión',12),
(32674,'San Felipe',12),
(32675,'San Francisco del Rincón',12),
(32676,'San Miguel de Allende',12),
(32677,'Santa Cruz de Juventino Rosas',12),
(32678,'Santiago Maravatío',12),
(32679,'Silao de la Victoria',12),
(32680,'Tarandacuao',12),
(32681,'Tarimoro',12),
(32682,'Tierra Blanca',12),
(32683,'Uriangato',12),
(32684,'Valle de Santiago',12),
(32685,'Victoria',12),
(32686,'Villagrán',12),
(32687,'Yuriria',12),
(32688,'Guanajuato',12),
(32689,'Acapulco de Juárez',13),
(32690,'Ahuacuotzingo',13),
(32691,'Ajuchitlán del Progreso',13),
(32692,'Alcozauca de Guerrero',13),
(32693,'Atlixtac',13),
(32694,'Ayutla de los Libres',13),
(32695,'Benito Juárez',13),
(32696,'Chilapa de Álvarez',13),
(32697,'Chilpancingo de los Bravo',13),
(32698,'Coahuayutla de Guerrero',13),
(32699,'Cocula',13),
(32700,'Cuajinicuilapa',13),
(32701,'Coyuca de Benítez',13),
(32702,'David Alfaro Siqueiros',13),
(32703,'Florencio Villareal',13),
(32704,'General Heliodoro Castillo',13),
(32705,'Iguala de la Independencia',13),
(32706,'Iguala de la Independencia',13),
(32707,'Juan R. Escudero',13),
(32708,'La Unión de Isidoro Montes de Oca',13),
(32709,'Leonardo Bravo',13),
(32710,'Malinaltepec',13),
(32711,'Mártir de Cuilapan',13),
(32712,'Metlatónoc',13),
(32713,'Olinalá',13),
(32714,'Petatlán',13),
(32715,'San Luis Acatlán',13),
(32716,'San Marcos',13),
(32717,'San Miguel Totolapan',13),
(32718,'Taxco de Alarcón',13),
(32719,'Tixtla de Guerrero',13),
(32720,'Tlachinollan',13),
(32721,'Tlapehuala',13),
(32722,'Zihuatanejo de Azueta',13),
(32723,'Acatepec',13),
(32724,'Atoyac de Álvarez',13),
(32725,'Cutzamala de Pinzón',13),
(32726,'San Jerónimo de Juárez',13),
(32727,'San José del Progreso',13),
(32728,'San Vicente de Benítez',13),
(32729,'Tepecoacuilco de Trujano',13),
(32730,'Tetipac',13),
(32731,'Zapotitlán Tablas',13),
(32732,'Zihuatanejo de Azueta',13),
(32733,'Zumpango del Río',13),
(32734,'Zumpango',13),
(32735,'Acaxochitlán',14),
(32736,'Actopan',14),
(32737,'Apan',14),
(32738,'Atitalaquia',14),
(32739,'Atotonilco de Tula',14),
(32740,'Ayutla',14),
(32741,'Ballito',14),
(32742,'Cardonal',14),
(32743,'Cuautepec de Hinojosa',14),
(32744,'El Arenal',14),
(32745,'Epazoyucan',14),
(32746,'Francisco I. Madero',14),
(32747,'Huasca de Ocampo',14),
(32748,'Huejutla de Reyes',14),
(32749,'Huichapan',14),
(32750,'Ixmiquilpan',14),
(32751,'Mineral de la Reforma',14),
(32752,'Mineral del Monte',14),
(32753,'Pachuca de Soto',14),
(32754,'Progreso de Obregón',14),
(32755,'San Agustín Tlaxiaca',14),
(32756,'San Bartolo Tutotepec',14),
(32757,'San Felipe Orizatlán',14),
(32758,'San Salvador',14),
(32759,'Santiago Tulantepec de Lugo Guerrero',14),
(32760,'Singuilucan',14),
(32761,'Tizayuca',14),
(32762,'Tula de Allende',14),
(32763,'Tulancingo de Bravo',14),
(32764,'Zacualtipán de Ángeles',14),
(32765,'Zapotlán de Juárez',14),
(32766,'Zimapan',14),
(32767,'Alfajayucan',14),
(32768,'San Nicolás',14),
(32769,'Cuautepec',14),
(32770,'Tlahuiltepa',14),
(32771,'Tepeji del Río de Ocampo',14),
(32772,'Tlahuapan',14),
(32773,'Tepetitlán',14),
(32774,'Tezontepec de Aldama',14),
(32775,'Tizapan el Alto',14),
(32776,'Toma de Juárez',14),
(32777,'Zacualtipán',14),
(32778,'Zacualtipán',14),
(32779,'Zacualtipán',14),
(32780,'San Lorenzo de la Paz',14),
(32781,'Tizayuca',14),
(32782,'Tlaxcoapan',14),
(32783,'Acatic',15),
(32784,'Acatlán de Juárez',15),
(32785,'Ahualulco de Mercado',15),
(32786,'Amacueca',15),
(32787,'Amatitlán',15),
(32788,'Arandas',15),
(32789,'Atengo',15),
(32790,'Atotonilco el Alto',15),
(32791,'Ayotlán',15),
(32792,'Bolaños',15),
(32793,'Cabo Corrientes',15),
(32794,'Casimiro Castillo',15),
(32795,'Chapala',15),
(32796,'Cocula',15),
(32797,'Colotlán',15),
(32798,'Degollado',15),
(32799,'El Arenal',15),
(32800,'El Grullo',15),
(32801,'Guanajuato',15),
(32802,'Guadalajara',15),
(32803,'Guadalajara',15),
(32804,'Huentitán El Bajo',15),
(32805,'Ixtlahuacán de los Membrillos',15),
(32806,'Ixtlahuacán del Río',15),
(32807,'Jalisco',15),
(32808,'Juanacatlán',15),
(32809,'La Barca',15),
(32810,'La Huerta',15),
(32811,'Lagos de Moreno',15),
(32812,'Mazamitla',15),
(32813,'Mezcala',15),
(32814,'Mexticacán',15),
(32815,'San Cristóbal de la Barranca',15),
(32816,'San Diego de Alejandría',15),
(32817,'San Juan de los Lagos',15),
(32818,'San Martín de Bolaños',15),
(32819,'San Miguel el Alto',15),
(32820,'San Sebastián del Oeste',15),
(32821,'Santa María de los Ángeles',15),
(32822,'Sayula',15),
(32823,'Tala',15),
(32824,'Teocaltiche',15),
(32825,'Tequila',15),
(32826,'Tolimán',15),
(32827,'Tuxcueca',15),
(32828,'Tuxpan',15),
(32829,'Valle de Juárez',15),
(32830,'Zacoalco de Torres',15),
(32831,'Zapopan',15),
(32832,'Zapotiltic',15),
(32833,'Zapotlanejo',15),
(32834,'Zapotlán el Grande',15),
(32835,'Apatzingán',16),
(32836,'Aquileo Mañuel',16),
(32837,'Ario de Rosales',16),
(32838,'Bandera de Sahuayo',16),
(32839,'Benito Juárez',16),
(32840,'Buenavista Tomatlán',16),
(32841,'Carácuaro',16),
(32842,'Chavinda',16),
(32843,'Cherán',16),
(32844,'Chilchota',16),
(32845,'Chucándiro',16),
(32846,'Coahuayana',16),
(32847,'Coalcomán de Vázquez Pallares',16),
(32848,'Coeneo',16),
(32849,'Contepec',16),
(32850,'Cotija de la Paz',16),
(32851,'Ecuandureo',16),
(32852,'El Oro',16),
(32853,'Guadalupe de los Reyes',16),
(32854,'Hidalgo',16),
(32855,'La Huacana',16),
(32856,'Los Reyes',16),
(32857,'Maravatío',16),
(32858,'Marcos Castellanos',16),
(32859,'Múgica',16),
(32860,'Nahuatzen',16),
(32861,'Nocupétaro',16),
(32862,'Pátzcuaro',16),
(32863,'Peribán',16),
(32864,'Queréndaro',16),
(32865,'San Lucas',16),
(32866,'Sahuayo',16),
(32867,'San Juan Nuevo',16),
(32868,'San Nicolás Obispo',16),
(32869,'Santa Ana Maya',16),
(32870,'Santa Clara del Cobre',16),
(32871,'Santiago Tangamandapio',16),
(32872,'Tacámbaro',16),
(32873,'Tepalcatepec',16),
(32874,'Tiquicheo de Nicolás Romero',16),
(32875,'Tlalpujahua',16),
(32876,'Tuxpan',16),
(32877,'Uruapan',16),
(32878,'Vistas de la Libertad',16),
(32879,'Zacapu',16),
(32880,'Zitácuaro',16),
(32881,'Cuernavaca',17),
(32882,'Cuautla',17),
(32883,'Jiutepec',17),
(32884,'Temixco',17),
(32885,'Xochitepec',17),
(32886,'Tlaquiltenango',17),
(32887,'Ayala',17),
(32888,'Zacatepec',17),
(32889,'Miacatlán',17),
(32890,'Jojutla',17),
(32891,'Tetela del Volcán',17),
(32892,'Tepoztlán',17),
(32893,'Yautepec',17),
(32894,'Huitzilac',17),
(32895,'Tlalnepantla',17),
(32896,'Atlatlahucan',17),
(32897,'Xochitepec',17),
(32898,'Emiliano Zapata',17),
(32899,'Temoac',17),
(32900,'Zacatepec',17),
(32901,'Cuautla',17),
(32902,'Tlalnepantla',17),
(32903,'Tepoztlán',17),
(32904,'Huitzilac',17),
(32905,'Tlayacapan',17),
(32906,'Tlaltizapán',17),
(32907,'Tetela del Volcán',17),
(32908,'Yecapixtla',17),
(32909,'Jojutla',17),
(32910,'Ocuituco',17),
(32911,'Puente de Ixtla',17),
(32912,'Zacatepec',17),
(32913,'Coatlán del Río',17),
(32914,'Tlaltizapán de Zapata',17),
(32915,'Tepic',18),
(32916,'Bahía de Banderas',18),
(32917,'Xalisco',18),
(32918,'Tuxpan',18),
(32919,'San Blas',18),
(32920,'Santiago Ixcuintla',18),
(32921,'Acaponeta',18),
(32922,'El Nayar',18),
(32923,'Jala',18),
(32924,'La Yesca',18),
(32925,'Ruíz',18),
(32926,'Santa María del Oro',18),
(32927,'Ixtlán del Río',18),
(32928,'Ahuacatlán',18),
(32929,'Compostela',18),
(32930,'Del Nayar',18),
(32931,'San Pedro Lagunillas',18),
(32932,'Rosamorada',18),
(32933,'Tecuala',18),
(32934,'Sayulita',18),
(32935,'Monterrey',19),
(32936,'Guadalupe',19),
(32937,'San Nicolás de los Garza',19),
(32938,'San Pedro Garza García',19),
(32939,'Escobedo',19),
(32940,'Apodaca',19),
(32941,'Santa Catarina',19),
(32942,'García',19),
(32943,'Juárez',19),
(32944,'El Carmen',19),
(32945,'Santiago',19),
(32946,'Allende',19),
(32947,'Montemorelos',19),
(32948,'Cerralvo',19),
(32949,'Ciudad Guadalupe',19),
(32950,'Lampazos de Naranjo',19),
(32951,'Sabinas Hidalgo',19),
(32952,'Vallecillo',19),
(32953,'Hualahuises',19),
(32954,'Dr. Arroyo',19),
(32955,'Rayones',19),
(32956,'Minas Viejas',19),
(32957,'Los Ramones',19),
(32958,'General Terán',19),
(32959,'Ciénega de Flores',19),
(32960,'El Potrero',19),
(32961,'Marín',19),
(32962,'Pesquería',19),
(32963,'Salinas Victoria',19),
(32964,'Anáhuac',19),
(32965,'Icamole',19),
(32966,'Nuevo León',19),
(32967,'Cadereyta Jiménez',19),
(32968,'Hidalgo',19),
(32969,'Santiago',19),
(32970,'San Luis de las Flores',19),
(32971,'General Escobedo',19),
(32972,'San Nicolás de los Garza',19),
(32973,'San Pedro Garza García',19),
(32974,'Valle de Juárez',19),
(32975,'Mina',19),
(32976,'Torreón',19),
(32977,'Allende',19),
(32978,'San Mateo',19),
(32979,'San Nicolás',19),
(32980,'Carmen',19),
(32981,'García',19),
(32982,'Guadalupe',19),
(32983,'Cerralvo',19),
(32984,'Lampazos de Naranjo',19),
(32985,'Abejones',20),
(32986,'Acatlán de Pérez Figueroa',20),
(32987,'Asunción Cacalote',20),
(32988,'Asunción Ixtaltepec',20),
(32989,'Asunción Nochixtlán',20),
(32990,'Cacahuatepec',20),
(32991,'Candelaria Loxicha',20),
(32992,'Chahuites',20),
(32993,'Chalcatongo de Hidalgo',20),
(32994,'Chiquihuitlán de Benito Juárez',20),
(32995,'Coatecas Altas',20),
(32996,'Coicoyán de las Flores',20),
(32997,'Colonias Unidas',20),
(32998,'Cuajimoloyas',20),
(32999,'El Espinal',20),
(33000,'El Rosario',20),
(33001,'Guelatao de Juárez',20),
(33002,'Guelatao',20),
(33003,'Heroica Ciudad de Tlaxiaco',20),
(33004,'Huajuapan de León',20),
(33005,'Huautepec',20),
(33006,'Huitzo',20),
(33007,'Ixtlán de Juárez',20),
(33008,'La Compañía',20),
(33009,'La Trinidad Vista Hermosa',20),
(33010,'Loma Bonita',20),
(33011,'Magdalena Apasco',20),
(33012,'Magdalena Jaltepec',20),
(33013,'Mártires de Tacubaya',20),
(33014,'Miahuatlán de Porfirio Díaz',20),
(33015,'Mixtequilla',20),
(33016,'Nazareno Etla',20),
(33017,'Nopala de Villagrán',20),
(33018,'Ocotlán de Morelos',20),
(33019,'San Agustín Amatengo',20),
(33020,'San Andrés Huaxpaltepec',20),
(33021,'San Andrés Lagunas',20),
(33022,'San Andrés Nuxano',20),
(33023,'San Andrés Solaga',20),
(33024,'San Antonio de la Cal',20),
(33025,'San Bartolo Coyotepec',20),
(33026,'San Blas Atempa',20),
(33027,'San Carlos Yautepec',20),
(33028,'San Cristóbal Amatlán',20),
(33029,'San Felipe Tejalápam',20),
(33030,'San Felipe Usila',20),
(33031,'San Francisco Cajonos',20),
(33032,'San Francisco Chapulapa',20),
(33033,'San Francisco del Mar',20),
(33034,'San Francisco Lachigoló',20),
(33035,'San Ildefonso Villa Alta',20),
(33036,'San Jacinto Amilpas',20),
(33037,'San Jerónimo Silacayoapilla',20),
(33038,'San José del Progreso',20),
(33039,'San Juan Bautista Cuicatlán',20),
(33040,'San Juan Bautista Guelache',20),
(33041,'San Juan Mixtepec',20),
(33042,'San Juan Ozolotepec',20),
(33043,'San Juan Sayultepec',20),
(33044,'San Juan Teitipac',20),
(33045,'San Lorenzo Cacaotepec',20),
(33046,'San Lorenzo Texmelúcan',20),
(33047,'San Lucas Ojitlán',20),
(33048,'San Mateo del Mar',20),
(33049,'San Miguel Ahuehuetlán',20),
(33050,'San Miguel Cajonos',20),
(33051,'San Miguel del Río',20),
(33052,'San Nicolás Hidalgo',20),
(33053,'San Pablo Huixtepec',20),
(33054,'San Pedro Amuzgos',20),
(33055,'San Pedro Juchatengo',20),
(33056,'San Pedro Teozacoalco',20),
(33057,'San Pedro Tlanepantla',20),
(33058,'San Sebastián Abasolo',20),
(33059,'San Sebastián Tecomaxtlahuaca',20),
(33060,'Santa Catarina Juquila',20),
(33061,'Santa Cruz Amilpas',20),
(33062,'Santa Cruz Xoxocotlán',20),
(33063,'Santa Lucía del Camino',20),
(33064,'Santiago Amoltepec',20),
(33065,'Santiago de Anaya',20),
(33066,'Santiago Huajolotitlán',20),
(33067,'Santiago Jamiltepec',20),
(33068,'Santiago Laollaga',20),
(33069,'Santiago Matatlán',20),
(33070,'Santiago Nacaltepec',20),
(33071,'Santiago Tapextla',20),
(33072,'Santiago Tetepec',20),
(33073,'Santiago Xanica',20),
(33074,'Teotitlán del Valle',20),
(33075,'Tlacolula de Matamoros',20),
(33076,'Tlalixtac de Cabrera',20),
(33077,'Tututepec de Melchor Ocampo',20),
(33078,'Villa de Etla',20),
(33079,'Villa de Tamazulápam del Progreso',20),
(33080,'Yaxe',20),
(33081,'Yutanduchi de Guerrero',20),
(33082,'Zapotitlán del Río',20),
(33083,'Zimatlán de Álvarez',20),
(33084,'Acajete',21),
(33085,'Acatlán de Osorio',21),
(33086,'Ahuazotepec',21),
(33087,'Ajalpan',21),
(33088,'Aljojuca',21),
(33089,'Altepexi',21),
(33090,'Amozoc',21),
(33091,'Anafí',21),
(33092,'Atlixco',21),
(33093,'Axutla',21),
(33094,'Ayotoxco de Guerrero',21),
(33095,'Camocuautla',21),
(33096,'Cañada Morelos',21),
(33097,'Chalchicomula de Sesma',21),
(33098,'Chazumba',21),
(33099,'Chigmecatitlán',21),
(33100,'Chignahuapan',21),
(33101,'Chinantla',21),
(33102,'Coatepec',21),
(33103,'Cohuecan',21),
(33104,'Colonia, Santa María',21),
(33105,'Coxcatlán',21),
(33106,'Coyotepec',21),
(33107,'Cuautinchan',21),
(33108,'Cuetzalan del Progreso',21),
(33109,'Cholula de Rivadavia',21),
(33110,'Esperanza',21),
(33111,'Francisco Z. Mena',21),
(33112,'Huejotzingo',21),
(33113,'Huitzilan de Serdán',21),
(33114,'Huauchinango',21),
(33115,'Huaquechula',21),
(33116,'Izúcar de Matamoros',21),
(33117,'Jalpan',21),
(33118,'Juan C. Bonilla',21),
(33119,'La Libertad',21),
(33120,'Libres',21),
(33121,'Mazatecochco de José María Morelos',21),
(33122,'Nautla',21),
(33123,'Ocotlán',21),
(33124,'Olintla',21),
(33125,'Pahuatlán',21),
(33126,'Palmar de Bravo',21),
(33127,'Puebla de Zaragoza',21),
(33128,'Quecholac',21),
(33129,'San Andrés Cholula',21),
(33130,'San Gabriel Chilac',21),
(33131,'San Jerónimo Tecuanipan',21),
(33132,'San Martín Texmelucan',21),
(33133,'San Miguel Xoxtla',21),
(33134,'San Nicolás de los Ranchos',21),
(33135,'San Pedro Cholula',21),
(33136,'San Salvador el Seco',21),
(33137,'San Salvador el Verde',21),
(33138,'Santiago Miahuatlán',21),
(33139,'Santo Tomás Hueyotlipan',21),
(33140,'Tecomatlán',21),
(33141,'Tehuacán',21),
(33142,'Tehuitzingo',21),
(33143,'Tenango de las Flores',21),
(33144,'Tepango de Rodríguez',21),
(33145,'Tepatlaxco de Hidalgo',21),
(33146,'Teziutlán',21),
(33147,'Tlacotepec de Benito Juárez',21),
(33148,'Tlaxco',21),
(33149,'Tlachichuca',21),
(33150,'Tlapacoya',21),
(33151,'Tlatlauquitepec',21),
(33152,'Tochtepec',21),
(33153,'Totoltepec de Guerrero',21),
(33154,'Tzicatlacoyan',21),
(33155,'Venustiano Carranza',21),
(33156,'Xicotepec de Juárez',21),
(33157,'Zacapala',21),
(33158,'Zacapoaxtla',21),
(33159,'Zapotitlán de Méndez',21),
(33160,'Zautla',21),
(33161,'Zihuateutla',21),
(33162,'Zongozotla',21),
(33163,'Querétaro',22),
(33164,'El Marqués',22),
(33165,'San Juan del Río',22),
(33166,'Tequisquiapan',22),
(33167,'El Pueblito',22),
(33168,'Amealco de Bonfil',22),
(33169,'Peñamiller',22),
(33170,'Colón',22),
(33171,'Huimilpan',22),
(33172,'Landa de Matamoros',22),
(33173,'Sierra Gorda',22),
(33174,'Cadereyta de Montes',22),
(33175,'Tolimán',22),
(33176,'San Joaquín',22),
(33177,'Pinal de Amoles',22),
(33178,'Querétaro',22),
(33179,'San Sebastián Bernal',22),
(33180,'San Pedro Ahuacatlán',22),
(33181,'Benito Juárez',23),
(33182,'Cozumel',23),
(33183,'Felipe Carrillo Puerto',23),
(33184,'Isla Mujeres',23),
(33185,'Othón P. Blanco',23),
(33186,'Puerto Morelos',23),
(33187,'Solidaridad',23),
(33188,'Tulum',23),
(33189,'José María Morelos',23),
(33190,'Lázaro Cárdenas',23),
(33191,'Tulum',23),
(33192,'Ahualulco',24),
(33193,'Alaquines',24),
(33194,'Aquismón',24),
(33195,'Cabo San Lucas',24),
(33196,'Cárdenas',24),
(33197,'Cerro de San Pedro',24),
(33198,'Charcas',24),
(33199,'Ciudad Fernández',24),
(33200,'Ciudad Valles',24),
(33201,'Coahuahuilla',24),
(33202,'El Naranjo',24),
(33203,'El Salto',24),
(33204,'Guanajuato',24),
(33205,'Matehuala',24),
(33206,'Moctezuma',24),
(33207,'Panchimalco',24),
(33208,'Piedras Negras',24),
(33209,'Real de Catorce',24),
(33210,'Rioverde',24),
(33211,'San Antonio',24),
(33212,'San Ciro de Acosta',24),
(33213,'San Luis Potosí',24),
(33214,'San Martín Chalchicuautla',24),
(33215,'San Nicolás Tolentino',24),
(33216,'Santa Catarina',24),
(33217,'Santa María del Río',24),
(33218,'Santo Domingo',24),
(33219,'Tamuín',24),
(33220,'Tancanhuitz',24),
(33221,'Tancanhuiz',24),
(33222,'Tierras Blancas',24),
(33223,'Venado',24),
(33224,'Villar de la Libertad',24),
(33225,'Villa de Arista',24),
(33226,'Villa de Ramos',24),
(33227,'Villa de Reyes',24),
(33228,'Villa de Zaragoza',24),
(33229,'Villa Hidalgo',24),
(33230,'Xilitla',24),
(33231,'Zaragoza',24),
(33232,'Ahome',25),
(33233,'El Fuerte',25),
(33234,'Guasave',25),
(33235,'Mazatlán',25),
(33236,'Mirador',25),
(33237,'Navolato',25),
(33238,'San Ignacio',25),
(33239,'Sinaloa',25),
(33240,'Cosalá',25),
(33241,'Elota',25),
(33242,'Badiraguato',25),
(33243,'Culiacán',25),
(33244,'Concordia',25),
(33245,'Rosario',25),
(33246,'Salvador Alvarado',25),
(33247,'Sinaloa de Leyva',25),
(33248,'Angostura',25),
(33249,'Escuinapa',25),
(33250,'Aconchi',26),
(33251,'Agua Prieta',26),
(33252,'Alamos',26),
(33253,'Arivechi',26),
(33254,'Bacoachi',26),
(33255,'Bacum',26),
(33256,'Banámichi',26),
(33257,'Caborca',26),
(33258,'Cajeme',26),
(33259,'Cananea',26),
(33260,'Carbó',26),
(33261,'Chicayota',26),
(33262,'Chihuahui',26),
(33263,'Chínipas',26),
(33264,'Cumpas',26),
(33265,'Empalme',26),
(33266,'Etchojoa',26),
(33267,'Fronteras',26),
(33268,'General Plutarco Elías Calles',26),
(33269,'Hermosillo',26),
(33270,'Huachinera',26),
(33271,'Huatabampo',26),
(33272,'Iguaná',26),
(33273,'Lázaro Cárdenas',26),
(33274,'Magdalena de Kino',26),
(33275,'Mazatán',26),
(33276,'Moctezuma',26),
(33277,'Nacozari de García',26),
(33278,'Nacozari',26),
(33279,'Nacozari de García',26),
(33280,'Nacozari',26),
(33281,'Nogales',26),
(33282,'Onavas',26),
(33283,'Pilares',26),
(33284,'Pitiquito',26),
(33285,'Rayón',26),
(33286,'San Luis Río Colorado',26),
(33287,'San Miguel de Horcasitas',26),
(33288,'San Pedro de la Cueva',26),
(33289,'Santa Ana',26),
(33290,'Santa Cruz',26),
(33291,'Sáric',26),
(33292,'Sonoyta',26),
(33293,'Soyopa',26),
(33294,'Tepache',26),
(33295,'Tiburcio',26),
(33296,'Tucson',26),
(33297,'Ures',26),
(33298,'Vigía',26),
(33299,'Villa de la Paz',26),
(33300,'Yécora',26),
(33301,'El Cieneguita',26),
(33302,'San Felipe',26),
(33303,'Santo Domingo',26),
(33304,'Sierra Huachinera',26),
(33305,'Balancán',27),
(33306,'Cárdenas',27),
(33307,'Centla',27),
(33308,'Centro',27),
(33309,'Comalcalco',27),
(33310,'Cunduacán',27),
(33311,'Emiliano Zapata',27),
(33312,'Huimanguillo',27),
(33313,'Jalapa',27),
(33314,'Jonuta',27),
(33315,'Nacajuca',27),
(33316,'Paraíso',27),
(33317,'Tacotalpa',27),
(33318,'Teapa',27),
(33319,'Tenosique',27),
(33320,'Macuspana',27),
(33321,'Tabasco',27),
(33322,'Aldama',28),
(33323,'Altamira',28),
(33324,'Antiguo Morelos',28),
(33325,'Ciudad Madero',28),
(33326,'Ciudad Victoria',28),
(33327,'El Mante',28),
(33328,'González',28),
(33329,'Güémez',28),
(33330,'Jiménez',28),
(33331,'Llera',28),
(33332,'Matamoros',28),
(33333,'Mendez',28),
(33334,'Mier',28),
(33335,'Nuevo Laredo',28),
(33336,'Nuevo Morelos',28),
(33337,'Reynosa',28),
(33338,'Río Bravo',28),
(33339,'San Fernando',28),
(33340,'San Nicolás',28),
(33341,'Soto la Marina',28),
(33342,'Tampico',28),
(33343,'Tula',28),
(33344,'Valle Hermoso',28),
(33345,'Villagrán',28),
(33346,'Xicoténcatl',28),
(33347,'Camargo',28),
(33348,'San Carlos',28),
(33349,'San Luisito',28),
(33350,'La Encantada',28),
(33351,'Tamaulipas',28),
(33352,'Abasolo',28),
(33353,'Casas',28),
(33354,'El Sol',28),
(33355,'Hidalgo',28),
(33356,'La Paz',28),
(33357,'López Mateos',28),
(33358,'Madero',28),
(33359,'San Rafael',28),
(33360,'La Peñita',28),
(33361,'Guerrero',28),
(33362,'Reforma',28),
(33363,'Sierra de San Carlos',28),
(33364,'Amaxac de Guerrero',29),
(33365,'Apizaco',29),
(33366,'Calpulalpan',29),
(33367,'Chiautempan',29),
(33368,'Contla de Juan Cuamatzi',29),
(33369,'Cuapiaxtla',29),
(33370,'El Carmen Tequexquitla',29),
(33371,'Españita',29),
(33372,'Huamantla',29),
(33373,'Ixtacuixtla de Mariano Matamoros',29),
(33374,'La Magdalena Tlaltelulco',29),
(33375,'Lázaro Cárdenas',29),
(33376,'Mazatecochco de José María Morelos',29),
(33377,'Milpas Altas',29),
(33378,'Nativitas',29),
(33379,'Papalotla de Xicohténcatl',29),
(33380,'San Damián Texóloc',29),
(33381,'San Felipe Tepatlán',29),
(33382,'San José Teacalco',29),
(33383,'San Juan Huactzinco',29),
(33384,'San Pablo del Monte',29),
(33385,'Sanctorum de Lázaro Cárdenas',29),
(33386,'Santa Ana Chiautempan',29),
(33387,'Santa Apolonia Teacalco',29),
(33388,'Tetla de la Solidaridad',29),
(33389,'Tlaxcala',29),
(33390,'Tlaxco',29),
(33391,'Tocatlán',29),
(33392,'Xaloztoc',29),
(33393,'Xicohtzinco',29),
(33394,'Zacatelco',29),
(33395,'Zitlaltepec de Trinidad Sánchez Santos',29),
(33396,'Acatlán',30),
(33397,'Acayucan',30),
(33398,'Acula',30),
(33399,'Actopan',30),
(33400,'Alamo',30),
(33401,'Alto Lucero de Gutiérrez Barrios',30),
(33402,'Altotonga',30),
(33403,'Ángel R. Cabada',30),
(33404,'Banderilla',30),
(33405,'Benito Juárez',30),
(33406,'Boca del Río',30),
(33407,'Camarón de Tejeda',30),
(33408,'Córdoba',30),
(33409,'Cosamaloapan de Carpio',30),
(33410,'Cosoleacaque',30),
(33411,'Cuitláhuac',30),
(33412,'Emiliano Zapata',30),
(33413,'Gutiérrez Zamora',30),
(33414,'Hidalgotitlán',30),
(33415,'Ignacio de la Llave',30),
(33416,'Ilamatlán',30),
(33417,'Isla',30),
(33418,'Jalacingo',30),
(33419,'Jalapa',30),
(33420,'Juan Rodríguez Clara',30),
(33421,'La Antigua',30),
(33422,'La Perla',30),
(33423,'Las Choapas',30),
(33424,'Las Minas',30),
(33425,'Lerdo de Tejada',30),
(33426,'Misantla',30),
(33427,'Nanchital de Lázaro Cárdenas del Río',30),
(33428,'Naolinco',30),
(33429,'Nautla',30),
(33430,'Ozuluama de Mascareñas',30),
(33431,'Pajapan',30),
(33432,'Papantla',30),
(33433,'Perote',30),
(33434,'Playa Vicente',30),
(33435,'Pueblo Viejo',30),
(33436,'Río Blanco',30),
(33437,'Rincón de la Victoria',30),
(33438,'San Andrés Tuxtla',30),
(33439,'San Juan Evangelista',30),
(33440,'San Rafael',30),
(33441,'Santiago Tuxtla',30),
(33442,'Sayula de Alemán',30),
(33443,'Tamarindo',30),
(33444,'Tantoyuca',30),
(33445,'Tecolutla',30),
(33446,'Tehuipango',30),
(33447,'Teocelo',30),
(33448,'Tepatlaxco',30),
(33449,'Tierra Blanca',30),
(33450,'Tihuatlán',30),
(33451,'Tlapacoyan',30),
(33452,'Tlacotalpan',30),
(33453,'Tlacolulan',30),
(33454,'Tlilapan',30),
(33455,'Totutla',30),
(33456,'Veracruz',30),
(33457,'Xalapa',30),
(33458,'Xico',30),
(33459,'Yanga',30),
(33460,'Zacualpan',30),
(33461,'Zongolica',30),
(33462,'Zaragoza',30),
(33463,'Altotonga',30),
(33464,'Cazones de Herrera',30),
(33465,'Nautla',30),
(33466,'Córdoba',30),
(33467,'Tuxpan',30),
(33468,'Pánuco',30),
(33469,'Tuxpan de Rodríguez Cano',30),
(33470,'Acayucan',30),
(33471,'Orizaba',30),
(33472,'Amatitlán',30),
(33473,'Atoyac',30),
(33474,'Cazones de Herrera',30),
(33475,'Coatzacoalcos',30),
(33476,'Cosoleacaque',30),
(33477,'Chontla',30),
(33478,'Chacaltianguis',30),
(33479,'Hidalgotitlán',30),
(33480,'Martínez de la Torre',30),
(33481,'Pueblo Viejo',30),
(33482,'Tierra Blanca',30),
(33483,'Soledad de Doblado',30),
(33484,'Sayula de Alemán',30),
(33485,'San Juan Evangelista',30),
(33486,'San Andrés Tuxtla',30),
(33487,'San José Acateno',30),
(33488,'San Rafael',30),
(33489,'Tierra Blanca',30),
(33490,'Teocelo',30),
(33491,'Tepatlaxco',30),
(33492,'Tepetlán',30),
(33493,'Tuxpan',30),
(33494,'Veracruz',30),
(33495,'Xico',30),
(33496,'Yanga',30),
(33497,'Zacualpan',30),
(33498,'Zongolica',30),
(33499,'Zaragoza',30),
(33500,'Xalapa',30),
(33501,'Abalá',31),
(33502,'Acanceh',31),
(33503,'Akil',31),
(33504,'Baca',31),
(33505,'Baca',31),
(33506,'Baca',31),
(33507,'Baca',31),
(33508,'Cenotillo',31),
(33509,'Chankom',31),
(33510,'Chicxulub Pueblo',31),
(33511,'Chichimilá',31),
(33512,'Chuburná',31),
(33513,'Cizal',31),
(33514,'Dzemul',31),
(33515,'Dzidzantún',31),
(33516,'Dzilam de Bravo',31),
(33517,'Dzilam González',31),
(33518,'Ek Balam',31),
(33519,'Espita',31),
(33520,'Halacho',31),
(33521,'Hocabá',31),
(33522,'Homún',31),
(33523,'Kanasín',31),
(33524,'Kinchil',31),
(33525,'Mérida',31),
(33526,'Motul',31),
(33527,'Muna',31),
(33528,'Muxupip',31),
(33529,'Progreso',31),
(33530,'Río Lagartos',31),
(33531,'Sacalum',31),
(33532,'San Felipe',31),
(33533,'San Fernando',31),
(33534,'San José Tzal',31),
(33535,'San Juan de la Vega',31),
(33536,'San Lorenzo',31),
(33537,'San Pedro Cholul',31),
(33538,'San Salvador',31),
(33539,'Seyé',31),
(33540,'Sinanché',31),
(33541,'Sotuta',31),
(33542,'Tixkokob',31),
(33543,'Tixmehuac',31),
(33544,'Tizimin',31),
(33545,'Uxmal',31),
(33546,'Valladolid',31),
(33547,'Yaxcabá',31),
(33548,'Yucatán',31),
(33549,'Zacapoaxtla',31),
(33550,'Zitácuaro',31),
(33551,'Yaxunah',31),
(33552,'Apozol',32),
(33553,'Apulco',32),
(33554,'Atolinga',32),
(33555,'Benito Juárez',32),
(33556,'Calera',32),
(33557,'Cañitas de Felipe Pescador',32),
(33558,'Chalchihuites',32),
(33559,'Chapultepec',32),
(33560,'Cuauhtémoc',32),
(33561,'Docampo',32),
(33562,'El Plateado de Joaquín Amaro',32),
(33563,'El Salvador',32),
(33564,'Francisco R. Murguía',32),
(33565,'Genaro Codina',32),
(33566,'Guadalupe',32),
(33567,'Huanusco',32),
(33568,'Jerez',32),
(33569,'Juan Aldama',32),
(33570,'Juchipila',32),
(33571,'Loreto',32),
(33572,'Luis Moya',32),
(33573,'Mazapil',32),
(33574,'Melchor Ocampo',32),
(33575,'Moctezuma',32),
(33576,'Monte Escobedo',32),
(33577,'Morelos',32),
(33578,'Nazas',32),
(33579,'Pánuco',32),
(33580,'Pinos',32),
(33581,'Río Grande',32),
(33582,'Salinas',32),
(33583,'San Agustín',32),
(33584,'San Pedro',32),
(33585,'Santa María de la Paz',32),
(33586,'Sierra de Órganos',32),
(33587,'Tabasco',32),
(33588,'Tepechitlán',32),
(33589,'Tlaltenango',32),
(33590,'Trinidad García de la Cadena',32),
(33591,'Valparaíso',32),
(33592,'Vetagrande',32),
(33593,'Villa de Cos',32),
(33594,'Villanueva',32),
(33595,'Zacatecas',32),
(33596,'Zacatecas',32);

/*Table structure for table `opciones_respuesta` */

DROP TABLE IF EXISTS `opciones_respuesta`;

CREATE TABLE `opciones_respuesta` (
  `id` bigint(20) unsigned NOT NULL AUTO_INCREMENT,
  `pregunta_id` bigint(20) unsigned NOT NULL,
  `seccion_id` bigint(20) unsigned NOT NULL,
  `opcion1` text NOT NULL,
  `opcion2` text DEFAULT NULL,
  `created_at` timestamp NULL DEFAULT NULL,
  `updated_at` timestamp NULL DEFAULT NULL,
  PRIMARY KEY (`id`),
  KEY `opciones_respuesta_pregunta_id_foreign` (`pregunta_id`),
  KEY `opciones_respuesta_seccion_id_foreign` (`seccion_id`),
  CONSTRAINT `opciones_respuesta_pregunta_id_foreign` FOREIGN KEY (`pregunta_id`) REFERENCES `preguntas` (`id`) ON DELETE CASCADE,
  CONSTRAINT `opciones_respuesta_seccion_id_foreign` FOREIGN KEY (`seccion_id`) REFERENCES `secciones` (`id`) ON DELETE CASCADE
) ENGINE=InnoDB AUTO_INCREMENT=357 DEFAULT CHARSET=utf8mb4 COLLATE=utf8mb4_general_ci;

/*Data for the table `opciones_respuesta` */

insert  into `opciones_respuesta`(`id`,`pregunta_id`,`seccion_id`,`opcion1`,`opcion2`,`created_at`,`updated_at`) values 
(1,2,1,'TSU en Tecnologías de la Información, Área de Desarrollo de Software Multiplataforma (DSM)','','2024-06-05 10:28:09','2024-06-05 10:28:09'),
(2,2,1,'TSU en Tecnologías de la Información, Área Infraestructura de Redes Digitales (IRD)','','2024-06-05 10:28:09','2024-06-05 10:28:09'),
(3,8,1,'Femenino','','2024-06-05 10:28:09','2024-06-05 10:28:09'),
(4,8,1,'Masculino','','2024-06-05 10:28:09','2024-06-05 10:28:09'),
(5,10,1,'Soltero(a)','','2024-06-05 10:28:09','2024-06-05 10:28:09'),
(6,10,1,'Divorciado(a)','','2024-06-05 10:28:09','2024-06-05 10:28:09'),
(7,10,1,'Viudo(a)','','2024-06-05 10:28:09','2024-06-05 10:28:09'),
(8,10,1,'Casado(a)','','2024-06-05 10:28:09','2024-06-05 10:28:09'),
(9,10,1,'Unión libre','','2024-06-05 10:28:09','2024-06-05 10:28:09'),
(10,11,1,'Ninguno','','2024-06-05 10:28:09','2024-06-05 10:28:09'),
(11,11,1,'1 hijo(a)','','2024-06-05 10:28:09','2024-06-05 10:28:09'),
(12,11,1,'2 hijos(as)','','2024-06-05 10:28:09','2024-06-05 10:28:09'),
(13,11,1,'Más de 2 hijos(as)','','2024-06-05 10:28:09','2024-06-05 10:28:09'),
(14,12,1,'si','','2024-06-05 10:28:09','2024-06-05 10:28:09'),
(15,12,1,'no','','2024-06-05 10:28:09','2024-06-05 10:28:09'),
(16,35,2,'Padre','','2024-06-05 10:28:09','2024-06-05 10:28:09'),
(17,35,2,'Madre','','2024-06-05 10:28:09','2024-06-05 10:28:09'),
(18,35,2,'Otro:','','2024-06-05 10:28:09','2024-06-05 10:28:09'),
(19,44,3,'Padre:','','2024-06-05 10:28:09','2024-06-05 10:28:09'),
(20,44,3,'Madre:','','2024-06-05 10:28:09','2024-06-05 10:28:09'),
(21,44,3,'Otro:','','2024-06-05 10:28:09','2024-06-05 10:28:09'),
(22,50,4,'Si','','2024-06-05 10:28:09','2024-06-05 10:28:09'),
(23,50,4,'No','','2024-06-05 10:28:09','2024-06-05 10:28:09'),
(25,51,4,'Menos de 10 horas a la semana','','2024-06-05 10:28:09','2024-06-05 10:28:09'),
(26,51,4,'De 10 a 20 horas a la semana','','2024-06-05 10:28:09','2024-06-05 10:28:09'),
(27,51,4,'De 21 a 40 horas a la semana','','2024-06-05 10:28:09','2024-06-05 10:28:09'),
(28,54,4,'Lunes','','2024-06-05 10:28:09','2024-06-05 10:28:09'),
(29,54,4,'Martes','','2024-06-05 10:28:09','2024-06-05 10:28:09'),
(30,54,4,'Miércoles','','2024-06-05 10:28:09','2024-06-05 10:28:09'),
(31,54,4,'Jueves','','2024-06-05 10:28:09','2024-06-05 10:28:09'),
(32,54,4,'Viernes','','2024-06-05 10:28:09','2024-06-05 10:28:09'),
(33,54,4,'Sábado','','2024-06-05 10:28:09','2024-06-05 10:28:09'),
(34,54,4,'Domingo','','2024-06-05 10:28:09','2024-06-05 10:28:09'),
(35,57,4,'Padres (padre o madre o ambos)','','2024-06-05 10:28:09','2024-06-05 10:28:09'),
(36,57,4,'Familiares (tíos, abuelos o hermanos)','','2024-06-05 10:28:09','2024-06-05 10:28:09'),
(37,57,4,'Soy independiente económicamente','','2024-06-05 10:28:09','2024-06-05 10:28:09'),
(38,57,4,'Pensión (renta cerca de la UTVT)','','2024-06-05 10:28:09','2024-06-05 10:28:09'),
(39,58,4,'Padre ','Si','2024-06-05 10:28:09','2024-06-05 10:28:09'),
(40,58,4,'Padre ','No','2024-06-05 10:28:09','2024-06-05 10:28:09'),
(41,58,4,'Madre ','Si','2024-06-05 10:28:09','2024-06-05 10:28:09'),
(42,58,4,'Madre ','No','2024-06-05 10:28:09','2024-06-05 10:28:09'),
(43,58,4,'1 a 2 hermanos ','Si','2024-06-05 10:28:09','2024-06-05 10:28:09'),
(44,58,4,'1 a 2 hermanos ','No','2024-06-05 10:28:09','2024-06-05 10:28:09'),
(45,58,4,'Más de 2 hermanos ','Si','2024-06-05 10:28:09','2024-06-05 10:28:09'),
(46,58,4,'Más de 2 hermanos ','No','2024-06-05 10:28:09','2024-06-05 10:28:09'),
(47,58,4,'Abuelos paternos ','Si','2024-06-05 10:28:09','2024-06-05 10:28:09'),
(48,58,4,'Abuelos paternos ','No','2024-06-05 10:28:09','2024-06-05 10:28:09'),
(49,58,4,'Abuelos maternos ','Si','2024-06-05 10:28:09','2024-06-05 10:28:09'),
(50,58,4,'Abuelos maternos ','No','2024-06-05 10:28:09','2024-06-05 10:28:09'),
(51,58,4,'Parientes ','Si','2024-06-05 10:28:09','2024-06-05 10:28:09'),
(52,58,4,'Parientes ','No','2024-06-05 10:28:09','2024-06-05 10:28:09'),
(53,58,4,'Pareja sentimental ','Si','2024-06-05 10:28:09','2024-06-05 10:28:09'),
(54,58,4,'Pareja sentimental ','No','2024-06-05 10:28:09','2024-06-05 10:28:09'),
(55,58,4,'Otro: ','Si','2024-06-05 10:28:09','2024-06-05 10:28:09'),
(56,58,4,'Otro: ','No','2024-06-05 10:28:09','2024-06-05 10:28:09'),
(57,59,4,'Padre ','Si','2024-06-05 10:28:09','2024-06-05 10:28:09'),
(58,59,4,'Padre ','No','2024-06-05 10:28:09','2024-06-05 10:28:09'),
(59,59,4,'Madre ','Si','2024-06-05 10:28:09','2024-06-05 10:28:09'),
(60,59,4,'Madre ','No','2024-06-05 10:28:09','2024-06-05 10:28:09'),
(61,59,4,'Hermanos ','No','2024-06-05 10:28:09','2024-06-05 10:28:09'),
(62,59,4,'Hermanos ','Si','2024-06-05 10:28:09','2024-06-05 10:28:09'),
(63,59,4,'Abuelos maternos ','Si','2024-06-05 10:28:09','2024-06-05 10:28:09'),
(64,59,4,'Abuelos maternos ','No','2024-06-05 10:28:09','2024-06-05 10:28:09'),
(65,59,4,'Abuelos paternos ','Si','2024-06-05 10:28:09','2024-06-05 10:28:09'),
(66,59,4,'Abuelos paternos ','No','2024-06-05 10:28:09','2024-06-05 10:28:09'),
(67,59,4,'Parientes ','Si','2024-06-05 10:28:09','2024-06-05 10:28:09'),
(68,59,4,'Parientes ','No','2024-06-05 10:28:09','2024-06-05 10:28:09'),
(69,59,4,'Pareja sentimental ','Si','2024-06-05 10:28:09','2024-06-05 10:28:09'),
(70,59,4,'Pareja sentimental ','No','2024-06-05 10:28:09','2024-06-05 10:28:09'),
(71,61,4,'Padre','1 a 5 años','2024-06-05 10:28:09','2024-06-05 10:28:09'),
(72,61,4,'Madre ','1 a 5 años','2024-06-05 10:28:09','2024-06-05 10:28:09'),
(73,61,4,'Hermano 1 ','1 a 5 años','2024-06-05 10:28:09','2024-06-05 10:28:09'),
(74,61,4,'Hermano 2 ','1 a 5 años','2024-06-05 10:28:09','2024-06-05 10:28:09'),
(75,61,4,'Hermano 3 ','1 a 5 años','2024-06-05 10:28:09','2024-06-05 10:28:09'),
(76,61,4,'Hermano 4 ','1 a 5 años','2024-06-05 10:28:09','2024-06-05 10:28:09'),
(77,61,4,'Padre','6 a 10 años','2024-06-05 10:28:09','2024-06-05 10:28:09'),
(78,61,4,'Madre ','6 a 10 años','2024-06-05 10:28:09','2024-06-05 10:28:09'),
(79,61,4,'Hermano 1 ','6 a 10 años','2024-06-05 10:28:09','2024-06-05 10:28:09'),
(80,61,4,'Hermano 2 ','6 a 10 años','2024-06-05 10:28:09','2024-06-05 10:28:09'),
(81,61,4,'Hermano 3 ','6 a 10 años','2024-06-05 10:28:09','2024-06-05 10:28:09'),
(82,61,4,'Hermano 4 ','6 a 10 años','2024-06-05 10:28:09','2024-06-05 10:28:09'),
(83,61,4,'Padre','11 a 15 años','2024-06-05 10:28:09','2024-06-05 10:28:09'),
(84,61,4,'Madre ','11 a 15 años','2024-06-05 10:28:09','2024-06-05 10:28:09'),
(85,61,4,'Hermano 1 ','11 a 15 años','2024-06-05 10:28:09','2024-06-05 10:28:09'),
(86,61,4,'Hermano 2 ','11 a 15 años','2024-06-05 10:28:09','2024-06-05 10:28:09'),
(87,61,4,'Hermano 3 ','11 a 15 años','2024-06-05 10:28:09','2024-06-05 10:28:09'),
(88,61,4,'Hermano 4 ','11 a 15 años','2024-06-05 10:28:09','2024-06-05 10:28:09'),
(89,61,4,'Padre','15 a 20 años','2024-06-05 10:28:09','2024-06-05 10:28:09'),
(90,61,4,'Madre ','15 a 20 años','2024-06-05 10:28:09','2024-06-05 10:28:09'),
(91,61,4,'Hermano 1 ','15 a 20 años','2024-06-05 10:28:09','2024-06-05 10:28:09'),
(92,61,4,'Hermano 2 ','15 a 20 años','2024-06-05 10:28:09','2024-06-05 10:28:09'),
(93,61,4,'Hermano 3 ','15 a 20 años','2024-06-05 10:28:09','2024-06-05 10:28:09'),
(94,61,4,'Hermano 4 ','15 a 20 años','2024-06-05 10:28:09','2024-06-05 10:28:09'),
(95,61,4,'Padre','15 a 20 años','2024-06-05 10:28:09','2024-06-05 10:28:09'),
(96,61,4,'Madre ','15 a 20 años','2024-06-05 10:28:09','2024-06-05 10:28:09'),
(97,61,4,'Hermano 1 ','15 a 20 años','2024-06-05 10:28:09','2024-06-05 10:28:09'),
(98,61,4,'Hermano 2 ','15 a 20 años','2024-06-05 10:28:09','2024-06-05 10:28:09'),
(99,61,4,'Hermano 3 ','15 a 20 años','2024-06-05 10:28:09','2024-06-05 10:28:09'),
(100,61,4,'Hermano 4 ','15 a 20 años','2024-06-05 10:28:09','2024-06-05 10:28:09'),
(101,61,4,'Padre','21 a 30 años','2024-06-05 10:28:09','2024-06-05 10:28:09'),
(102,61,4,'Madre ','21 a 30 años','2024-06-05 10:28:09','2024-06-05 10:28:09'),
(103,61,4,'Hermano 1 ','21 a 30 años','2024-06-05 10:28:09','2024-06-05 10:28:09'),
(104,61,4,'Hermano 2 ','21 a 30 años','2024-06-05 10:28:09','2024-06-05 10:28:09'),
(105,61,4,'Hermano 3 ','21 a 30 años','2024-06-05 10:28:09','2024-06-05 10:28:09'),
(106,61,4,'Hermano 4 ','21 a 30 años','2024-06-05 10:28:09','2024-06-05 10:28:09'),
(107,61,4,'Padre','31 a 40 años','2024-06-05 10:28:09','2024-06-05 10:28:09'),
(108,61,4,'Madre ','31 a 40 años','2024-06-05 10:28:09','2024-06-05 10:28:09'),
(109,61,4,'Hermano 1 ','31 a 40 años','2024-06-05 10:28:09','2024-06-05 10:28:09'),
(110,61,4,'Hermano 2 ','31 a 40 años','2024-06-05 10:28:09','2024-06-05 10:28:09'),
(111,61,4,'Hermano 3 ','31 a 40 años','2024-06-05 10:28:09','2024-06-05 10:28:09'),
(112,61,4,'Hermano 4 ','31 a 40 años','2024-06-05 10:28:09','2024-06-05 10:28:09'),
(113,61,4,'Padre','41 a 50 años','2024-06-05 10:28:09','2024-06-05 10:28:09'),
(114,61,4,'Madre ','41 a 50 años','2024-06-05 10:28:09','2024-06-05 10:28:09'),
(115,61,4,'Hermano 1 ','41 a 50 años','2024-06-05 10:28:09','2024-06-05 10:28:09'),
(116,61,4,'Hermano 2 ','41 a 50 años','2024-06-05 10:28:09','2024-06-05 10:28:09'),
(117,61,4,'Hermano 3 ','41 a 50 años','2024-06-05 10:28:09','2024-06-05 10:28:09'),
(118,61,4,'Hermano 4 ','41 a 50 años','2024-06-05 10:28:09','2024-06-05 10:28:09'),
(119,61,4,'Padre','50 a 60 años','2024-06-05 10:28:09','2024-06-05 10:28:09'),
(120,61,4,'Madre ','50 a 60 años','2024-06-05 10:28:09','2024-06-05 10:28:09'),
(121,61,4,'Hermano 1 ','50 a 60 años','2024-06-05 10:28:09','2024-06-05 10:28:09'),
(122,61,4,'Hermano 2 ','50 a 60 años','2024-06-05 10:28:09','2024-06-05 10:28:09'),
(123,61,4,'Hermano 3 ','50 a 60 años','2024-06-05 10:28:09','2024-06-05 10:28:09'),
(124,61,4,'Hermano 4 ','50 a 60 años','2024-06-05 10:28:09','2024-06-05 10:28:09'),
(125,61,4,'Padre','más de 60 años','2024-06-05 10:28:09','2024-06-05 10:28:09'),
(126,61,4,'Madre ','más de 60 años','2024-06-05 10:28:09','2024-06-05 10:28:09'),
(127,61,4,'Hermano 1 ','más de 60 años','2024-06-05 10:28:09','2024-06-05 10:28:09'),
(128,61,4,'Hermano 2 ','más de 60 años','2024-06-05 10:28:09','2024-06-05 10:28:09'),
(129,61,4,'Hermano 3 ','más de 60 años','2024-06-05 10:28:09','2024-06-05 10:28:09'),
(130,61,4,'Hermano 4 ','más de 60 años','2024-06-05 10:28:09','2024-06-05 10:28:09'),
(131,63,4,'Casa de tus padres (propia)','','2024-06-05 10:28:09','2024-06-05 10:28:09'),
(132,63,4,'Casa de tus padres (rentada)','','2024-06-05 10:28:09','2024-06-05 10:28:09'),
(133,63,4,'Casa de tus padres (prestada)','','2024-06-05 10:28:09','2024-06-05 10:28:09'),
(134,63,4,'Departamento cerca de la Universidad','','2024-06-05 10:28:09','2024-06-05 10:28:09'),
(135,65,4,'Drenaje','','2024-06-05 10:28:09','2024-06-05 10:28:09'),
(136,65,4,'Agua Potable','','2024-06-05 10:28:09','2024-06-05 10:28:09'),
(137,65,4,'Luz','','2024-06-05 10:28:09','2024-06-05 10:28:09'),
(138,65,4,'Estufa de gas','','2024-06-05 10:28:09','2024-06-05 10:28:09'),
(139,65,4,'Teléfono fijo','','2024-06-05 10:28:09','2024-06-05 10:28:09'),
(140,65,4,'Auto propio de la familia','','2024-06-05 10:28:09','2024-06-05 10:28:09'),
(141,65,4,'Televisión por cable','','2024-06-05 10:28:09','2024-06-05 10:28:09'),
(142,65,4,'Internet','','2024-06-05 10:28:09','2024-06-05 10:28:09'),
(143,66,4,'Autobús','','2024-06-05 10:28:09','2024-06-05 10:28:09'),
(144,66,4,'Taxi particular','','2024-06-05 10:28:09','2024-06-05 10:28:09'),
(145,66,4,'Taxi colectivo','','2024-06-05 10:28:09','2024-06-05 10:28:09'),
(146,66,4,'Motocicleta','','2024-06-05 10:28:09','2024-06-05 10:28:09'),
(147,66,4,'Auto propio','','2024-06-05 10:28:09','2024-06-05 10:28:09'),
(148,66,4,'Auto de la familia','','2024-06-05 10:28:09','2024-06-05 10:28:09'),
(149,66,4,'Ninguno','','2024-06-05 10:28:09','2024-06-05 10:28:09'),
(150,67,4,'Menos de 30 minutos','','2024-06-05 10:28:09','2024-06-05 10:28:09'),
(151,67,4,'De 30 a 60 minutos','','2024-06-05 10:28:09','2024-06-05 10:28:09'),
(152,67,4,'De 60 a 90 minutos','','2024-06-05 10:28:09','2024-06-05 10:28:09'),
(153,67,4,'De 90 a 120 minutos','','2024-06-05 10:28:09','2024-06-05 10:28:09'),
(154,67,4,'Más de 120 minutos','','2024-06-05 10:28:09','2024-06-05 10:28:09'),
(155,68,4,'Actualmente vive con usted','Si','2024-06-05 10:28:09','2024-06-05 10:28:09'),
(156,68,4,'Recibe apoyo económico','Si','2024-06-05 10:28:09','2024-06-05 10:28:09'),
(157,68,4,'Falleció','Si','2024-06-05 10:28:09','2024-06-05 10:28:09'),
(158,68,4,'Actualmente mantengo una buena relación con mi padre','Si','2024-06-05 10:28:09','2024-06-05 10:28:09'),
(159,68,4,'Actualmente vive con usted','No','2024-06-05 10:28:09','2024-06-05 10:28:09'),
(160,68,4,'Recibe apoyo económico','No','2024-06-05 10:28:09','2024-06-05 10:28:09'),
(161,68,4,'Falleció','No','2024-06-05 10:28:09','2024-06-05 10:28:09'),
(162,68,4,'Actualmente mantengo una buena relación con mi padre','No','2024-06-05 10:28:09','2024-06-05 10:28:09'),
(163,69,4,'Actualmente vive con usted','Si','2024-06-05 10:28:09','2024-06-05 10:28:09'),
(164,69,4,'Recibe apoyo económico','Si','2024-06-05 10:28:09','2024-06-05 10:28:09'),
(165,69,4,'Falleció','Si','2024-06-05 10:28:09','2024-06-05 10:28:09'),
(166,69,4,'Actualmente mantengo una buena relación con mi padre','Si','2024-06-05 10:28:09','2024-06-05 10:28:09'),
(167,69,4,'Actualmente vive con usted','No','2024-06-05 10:28:09','2024-06-05 10:28:09'),
(168,69,4,'Recibe apoyo económico','No','2024-06-05 10:28:09','2024-06-05 10:28:09'),
(169,69,4,'Falleció','No','2024-06-05 10:28:09','2024-06-05 10:28:09'),
(170,69,4,'Actualmente mantengo una buena relación con mi padre','No','2024-06-05 10:28:09','2024-06-05 10:28:09'),
(171,70,4,'Si','','2024-06-05 10:28:09','2024-06-05 10:28:09'),
(172,70,4,'No','','2024-06-05 10:28:09','2024-06-05 10:28:09'),
(173,71,4,'si','','2024-06-05 10:28:09','2024-06-05 10:28:09'),
(174,71,4,'no','','2024-06-05 10:28:09','2024-06-05 10:28:09'),
(175,72,4,'si','','2024-06-05 10:28:09','2024-06-05 10:28:09'),
(176,72,4,'no','','2024-06-05 10:28:09','2024-06-05 10:28:09'),
(177,73,5,'Usas lentes','','2024-06-05 10:28:09','2024-06-05 10:28:09'),
(178,73,5,'Tienes alguna deficiencia auditiva','','2024-06-05 10:28:09','2024-06-05 10:28:09'),
(179,73,5,'Problemas de movilidad motriz','','2024-06-05 10:28:09','2024-06-05 10:28:09'),
(180,73,5,'Ninguna de las anteriores','','2024-06-05 10:28:09','2024-06-05 10:28:09'),
(181,73,5,'Otro:','','2024-06-05 10:28:09','2024-06-05 10:28:09'),
(182,74,5,'Si','','2024-06-05 10:28:09','2024-06-05 10:28:09'),
(183,74,5,'No','','2024-06-05 10:28:09','2024-06-05 10:28:09'),
(184,76,5,'Si','','2024-06-05 10:28:09','2024-06-05 10:28:09'),
(185,76,5,'No','','2024-06-05 10:28:09','2024-06-05 10:28:09'),
(186,78,5,'Si','','2024-06-05 10:28:09','2024-06-05 10:28:09'),
(187,78,5,'No','','2024-06-05 10:28:09','2024-06-05 10:28:09'),
(188,80,5,'Si','','2024-06-05 10:28:09','2024-06-05 10:28:09'),
(189,80,5,'No','','2024-06-05 10:28:09','2024-06-05 10:28:09'),
(190,82,5,'Si','','2024-06-05 10:28:09','2024-06-05 10:28:09'),
(191,82,5,'No','','2024-06-05 10:28:09','2024-06-05 10:28:09'),
(192,84,6,'Tipo de Institución','Pública','2024-06-05 10:28:09','2024-06-05 10:28:09'),
(193,84,6,'Tipo de Institución','Privada','2024-06-05 10:28:09','2024-06-05 10:28:09'),
(194,85,6,'Modalidad','Escolarizada','2024-06-05 10:28:09','2024-06-05 10:28:09'),
(195,85,6,'Modalidad','Abierta','2024-06-05 10:28:09','2024-06-05 10:28:09'),
(196,90,6,'Sin estudio','Completa','2024-06-05 10:28:09','2024-06-05 10:28:09'),
(197,90,6,'Primaria','Completa','2024-06-05 10:28:09','2024-06-05 10:28:09'),
(198,90,6,'Secundaria','Completa','2024-06-05 10:28:09','2024-06-05 10:28:09'),
(199,90,6,'Bachillerato','Completa','2024-06-05 10:28:09','2024-06-05 10:28:09'),
(200,90,6,'Estudios técnicos','Completa','2024-06-05 10:28:09','2024-06-05 10:28:09'),
(201,90,6,'Licenciatura','Completa','2024-06-05 10:28:09','2024-06-05 10:28:09'),
(202,90,6,'Postgrado','Completa','2024-06-05 10:28:09','2024-06-05 10:28:09'),
(203,90,6,'Sin estudio','Incompleta','2024-06-05 10:28:09','2024-06-05 10:28:09'),
(204,90,6,'Primaria','Incompleta','2024-06-05 10:28:09','2024-06-05 10:28:09'),
(205,90,6,'Secundaria','Incompleta','2024-06-05 10:28:09','2024-06-05 10:28:09'),
(206,90,6,'Bachillerato','Incompleta','2024-06-05 10:28:09','2024-06-05 10:28:09'),
(207,90,6,'Estudios técnicos','Incompleta','2024-06-05 10:28:09','2024-06-05 10:28:09'),
(208,90,6,'Licenciatura','Incompleta','2024-06-05 10:28:09','2024-06-05 10:28:09'),
(209,90,6,'Postgrado','Incompleta','2024-06-05 10:28:09','2024-06-05 10:28:09'),
(210,90,6,'Sin estudio','No aplica','2024-06-05 10:28:09','2024-06-05 10:28:09'),
(211,90,6,'Primaria','No aplica','2024-06-05 10:28:09','2024-06-05 10:28:09'),
(212,90,6,'Secundaria','No aplica','2024-06-05 10:28:09','2024-06-05 10:28:09'),
(213,90,6,'Bachillerato','No aplica','2024-06-05 10:28:09','2024-06-05 10:28:09'),
(214,90,6,'Estudios técnicos','No aplica','2024-06-05 10:28:09','2024-06-05 10:28:09'),
(215,90,6,'Licenciatura','No aplica','2024-06-05 10:28:09','2024-06-05 10:28:09'),
(216,90,6,'Postgrado','No aplica','2024-06-05 10:28:09','2024-06-05 10:28:09'),
(217,91,6,'Sin estudio','Completa','2024-06-05 10:28:09','2024-06-05 10:28:09'),
(218,91,6,'Primaria','Completa','2024-06-05 10:28:09','2024-06-05 10:28:09'),
(219,91,6,'Secundaria','Completa','2024-06-05 10:28:09','2024-06-05 10:28:09'),
(220,91,6,'Bachillerato','Completa','2024-06-05 10:28:09','2024-06-05 10:28:09'),
(221,91,6,'Estudios técnicos','Completa','2024-06-05 10:28:09','2024-06-05 10:28:09'),
(222,91,6,'Licenciatura','Completa','2024-06-05 10:28:09','2024-06-05 10:28:09'),
(223,91,6,'Postgrado','Completa','2024-06-05 10:28:09','2024-06-05 10:28:09'),
(224,91,6,'Sin estudio','Incompleta','2024-06-05 10:28:09','2024-06-05 10:28:09'),
(225,91,6,'Primaria','Incompleta','2024-06-05 10:28:09','2024-06-05 10:28:09'),
(226,91,6,'Secundaria','Incompleta','2024-06-05 10:28:09','2024-06-05 10:28:09'),
(227,91,6,'Bachillerato','Incompleta','2024-06-05 10:28:09','2024-06-05 10:28:09'),
(228,91,6,'Estudios técnicos','Incompleta','2024-06-05 10:28:09','2024-06-05 10:28:09'),
(229,91,6,'Licenciatura','Incompleta','2024-06-05 10:28:09','2024-06-05 10:28:09'),
(230,91,6,'Postgrado','Incompleta','2024-06-05 10:28:09','2024-06-05 10:28:09'),
(231,91,6,'Sin estudio','No aplica','2024-06-05 10:28:09','2024-06-05 10:28:09'),
(232,91,6,'Primaria','No aplica','2024-06-05 10:28:09','2024-06-05 10:28:09'),
(233,91,6,'Secundaria','No aplica','2024-06-05 10:28:09','2024-06-05 10:28:09'),
(234,91,6,'Bachillerato','No aplica','2024-06-05 10:28:09','2024-06-05 10:28:09'),
(235,91,6,'Estudios técnicos','No aplica','2024-06-05 10:28:09','2024-06-05 10:28:09'),
(236,91,6,'Licenciatura','No aplica','2024-06-05 10:28:09','2024-06-05 10:28:09'),
(237,91,6,'Postgrado','No aplica','2024-06-05 10:28:09','2024-06-05 10:28:09'),
(238,92,6,'Si','','2024-06-05 10:28:09','2024-06-05 10:28:09'),
(239,92,6,'No','','2024-06-05 10:28:09','2024-06-05 10:28:09'),
(240,93,6,'Orientación vocacional en Bachillerato','','2024-06-05 10:28:09','2024-06-05 10:28:09'),
(241,93,6,'Conversación con amigos','','2024-06-05 10:28:09','2024-06-05 10:28:09'),
(242,93,6,'Conversación con mis padres o tutores','','2024-06-05 10:28:09','2024-06-05 10:28:09'),
(243,93,6,'Conversación con otros familiares','','2024-06-05 10:28:09','2024-06-05 10:28:09'),
(244,93,6,'Conversación con mis maestros de bachillerato','','2024-06-05 10:28:09','2024-06-05 10:28:09'),
(245,93,6,'Información del Programa obtenido por la Institución','','2024-06-05 10:28:09','2024-06-05 10:28:09'),
(246,93,6,'Oportunidades de empleo futuro','','2024-06-05 10:28:09','2024-06-05 10:28:09'),
(247,93,6,'Por vocación','','2024-06-05 10:28:09','2024-06-05 10:28:09'),
(248,93,6,'Por gusto personal','','2024-06-05 10:28:09','2024-06-05 10:28:09'),
(249,94,6,'Si','','2024-06-05 10:28:09','2024-06-05 10:28:09'),
(250,94,6,'No','','2024-06-05 10:28:09','2024-06-05 10:28:09'),
(251,97,6,'Si','','2024-06-05 10:28:09','2024-06-05 10:28:09'),
(252,97,6,'No','','2024-06-05 10:28:09','2024-06-05 10:28:09'),
(253,98,6,'Si','','2024-06-05 10:28:09','2024-06-05 10:28:09'),
(254,98,6,'No','','2024-06-05 10:28:09','2024-06-05 10:28:09'),
(255,100,6,'Desde un principio lo planeé','','2024-06-05 10:28:09','2024-06-05 10:28:09'),
(256,100,6,'Me di cuenta que no correspondía con mi vocación','','2024-06-05 10:28:09','2024-06-05 10:28:09'),
(257,100,6,'No me gustó el ambiente','','2024-06-05 10:28:09','2024-06-05 10:28:09'),
(258,100,6,'Por mejores perspectivas futuras de empleo','','2024-06-05 10:28:09','2024-06-05 10:28:09'),
(259,100,6,'Por mal desempeño','','2024-06-05 10:28:09','2024-06-05 10:28:09'),
(260,100,6,'Otro:','','2024-06-05 10:28:09','2024-06-05 10:28:09'),
(261,101,7,'La bibliografía del programa','Nunca','2024-06-05 10:28:09','2024-06-05 10:28:09'),
(262,101,7,'Bibliografía que busco por mi cuenta','Nunca','2024-06-05 10:28:09','2024-06-05 10:28:09'),
(263,101,7,'Revistas especializadas','Nunca','2024-06-05 10:28:09','2024-06-05 10:28:09'),
(264,101,7,'Enciclopedias','Nunca','2024-06-05 10:28:09','2024-06-05 10:28:09'),
(265,101,7,'Diccionarios','Nunca','2024-06-05 10:28:09','2024-06-05 10:28:09'),
(266,101,7,'Libros de texto','Nunca','2024-06-05 10:28:09','2024-06-05 10:28:09'),
(267,101,7,'Páginas web especializadas','Nunca','2024-06-05 10:28:09','2024-06-05 10:28:09'),
(268,101,7,'La bibliografía del programa','Casi nunca','2024-06-05 10:28:09','2024-06-05 10:28:09'),
(269,101,7,'Bibliografía que busco por mi cuenta','Casi nunca','2024-06-05 10:28:09','2024-06-05 10:28:09'),
(270,101,7,'Revistas especializadas','Casi nunca','2024-06-05 10:28:09','2024-06-05 10:28:09'),
(271,101,7,'Enciclopedias','Casi nunca','2024-06-05 10:28:09','2024-06-05 10:28:09'),
(272,101,7,'Diccionarios','Casi nunca','2024-06-05 10:28:09','2024-06-05 10:28:09'),
(273,101,7,'Libros de texto','Casi nunca','2024-06-05 10:28:09','2024-06-05 10:28:09'),
(274,101,7,'Páginas web especializadas','Casi nunca','2024-06-05 10:28:09','2024-06-05 10:28:09'),
(275,101,7,'La bibliografía del programa','Casi siempre','2024-06-05 10:28:09','2024-06-05 10:28:09'),
(276,101,7,'Bibliografía que busco por mi cuenta','Casi siempre','2024-06-05 10:28:09','2024-06-05 10:28:09'),
(277,101,7,'Revistas especializadas','Casi siempre','2024-06-05 10:28:09','2024-06-05 10:28:09'),
(278,101,7,'Enciclopedias','Casi siempre','2024-06-05 10:28:09','2024-06-05 10:28:09'),
(279,101,7,'Diccionarios','Casi siempre','2024-06-05 10:28:09','2024-06-05 10:28:09'),
(280,101,7,'Libros de texto','Casi siempre','2024-06-05 10:28:09','2024-06-05 10:28:09'),
(281,101,7,'Páginas web especializadas','Casi siempre','2024-06-05 10:28:09','2024-06-05 10:28:09'),
(282,101,7,'La bibliografía del programa','Siempre','2024-06-05 10:28:09','2024-06-05 10:28:09'),
(283,101,7,'Bibliografía que busco por mi cuenta','Siempre','2024-06-05 10:28:09','2024-06-05 10:28:09'),
(284,101,7,'Revistas especializadas','Siempre','2024-06-05 10:28:09','2024-06-05 10:28:09'),
(285,101,7,'Enciclopedias','Siempre','2024-06-05 10:28:09','2024-06-05 10:28:09'),
(286,101,7,'Diccionarios','Siempre','2024-06-05 10:28:09','2024-06-05 10:28:09'),
(287,101,7,'Libros de texto','Siempre','2024-06-05 10:28:09','2024-06-05 10:28:09'),
(288,101,7,'Páginas web especializadas','Siempre','2024-06-05 10:28:09','2024-06-05 10:28:09'),
(289,102,7,'Menos de 1 hora','','2024-06-05 10:28:09','2024-06-05 10:28:09'),
(290,102,7,'De 1 a 5 hrs','','2024-06-05 10:28:09','2024-06-05 10:28:09'),
(291,102,7,'De 6 a 10 hrs','','2024-06-05 10:28:09','2024-06-05 10:28:09'),
(292,102,7,'De 11 a 15 hrs','','2024-06-05 10:28:09','2024-06-05 10:28:09'),
(293,102,7,'De 16 a 20 hrs','','2024-06-05 10:28:09','2024-06-05 10:28:09'),
(294,102,7,'Más de 20 hrs','','2024-06-05 10:28:09','2024-06-05 10:28:09'),
(295,103,7,'Solo','Nunca','2024-06-05 10:28:09','2024-06-05 10:28:09'),
(296,103,7,'En grupo','Nunca','2024-06-05 10:28:09','2024-06-05 10:28:09'),
(297,103,7,'Solo','Casi nunca','2024-06-05 10:28:09','2024-06-05 10:28:09'),
(298,103,7,'En grupo','Casi nunca','2024-06-05 10:28:09','2024-06-05 10:28:09'),
(299,103,7,'Solo','Casi siempre','2024-06-05 10:28:09','2024-06-05 10:28:09'),
(300,103,7,'En grupo','Casi siempre','2024-06-05 10:28:09','2024-06-05 10:28:09'),
(301,103,7,'Solo','Siempre','2024-06-05 10:28:09','2024-06-05 10:28:09'),
(302,103,7,'En grupo','Siempre','2024-06-05 10:28:09','2024-06-05 10:28:09'),
(303,104,8,'En una institucion educativa','','2024-06-05 10:28:09','2024-06-05 10:28:09'),
(304,104,8,'En el sector publico','','2024-06-05 10:28:09','2024-06-05 10:28:09'),
(305,104,8,'En una empresa privada','','2024-06-05 10:28:09','2024-06-05 10:28:09'),
(306,104,8,'En el negocio de mi familia','','2024-06-05 10:28:09','2024-06-05 10:28:09'),
(307,104,8,'Generar emprendimiento','','2024-06-05 10:28:09','2024-06-05 10:28:09'),
(308,104,8,'Ejercicio libre de la profesion','','2024-06-05 10:28:09','2024-06-05 10:28:09'),
(309,105,8,'Altas','','2024-06-05 10:28:09','2024-06-05 10:28:09'),
(310,105,8,'Medias','','2024-06-05 10:28:09','2024-06-05 10:28:09'),
(311,105,8,'Bajas','','2024-06-05 10:28:09','2024-06-05 10:28:09'),
(312,105,8,'Nulas','','2024-06-05 10:28:09','2024-06-05 10:28:09'),
(313,106,8,'Considerablemente mejor','En terminos economicos','2024-06-05 10:28:09','2024-06-05 10:28:09'),
(314,106,8,'Mejor','En terminos economicos','2024-06-05 10:28:09','2024-06-05 10:28:09'),
(315,106,8,'Similar','En terminos economicos','2024-06-05 10:28:09','2024-06-05 10:28:09'),
(316,106,8,'Inferior','En terminos economicos','2024-06-05 10:28:09','2024-06-05 10:28:09'),
(317,106,8,'Considerablemente mejor','En cuanto a posición social','2024-06-05 10:28:09','2024-06-05 10:28:09'),
(318,106,8,'Mejor','En cuanto a posición social','2024-06-05 10:28:09','2024-06-05 10:28:09'),
(319,106,8,'Similar','En cuanto a posición social','2024-06-05 10:28:09','2024-06-05 10:28:09'),
(320,106,8,'Inferior','En cuanto a posición social','2024-06-05 10:28:09','2024-06-05 10:28:09'),
(321,107,8,'si','','2024-06-05 10:28:09','2024-06-05 10:28:09'),
(322,107,8,'no','','2024-06-05 10:28:09','2024-06-05 10:28:09'),
(324,14,1,'A+',NULL,'2024-06-05 16:28:09','2024-06-05 16:28:09'),
(325,14,1,'A-',NULL,'2024-06-05 16:28:09','2024-06-05 16:28:09'),
(326,14,1,'B+',NULL,'2024-06-05 16:28:09','2024-06-05 16:28:09'),
(327,14,1,'B-',NULL,'2024-06-05 16:28:09','2024-06-05 16:28:09'),
(328,14,1,'AB+',NULL,'2024-06-05 16:28:09','2024-06-05 16:28:09'),
(329,14,1,'AB-',NULL,'2024-06-05 16:28:09','2024-06-05 16:28:09'),
(330,14,1,'O+',NULL,'2024-06-05 16:28:09','2024-06-05 16:28:09'),
(331,14,1,'O-',NULL,'2024-06-05 16:28:09','2024-06-05 16:28:09'),
(333,63,4,'Otro:',NULL,NULL,NULL),
(334,9,1,'Masculino','','2024-09-17 12:00:00','2024-09-17 12:00:00'),
(335,9,1,'Femenino','','2024-09-17 12:00:00','2024-09-17 12:00:00'),
(336,9,1,'No binario','','2024-09-17 12:00:00','2024-09-17 12:00:00'),
(337,9,1,'Género Fluido','','2024-09-17 12:00:00','2024-09-17 12:00:00'),
(338,9,1,'Agénero','','2024-09-17 12:00:00','2024-09-17 12:00:00'),
(339,9,1,'Bigénero','','2024-09-17 12:00:00','2024-09-17 12:00:00'),
(340,9,1,'Pangénero','','2024-09-17 12:00:00','2024-09-17 12:00:00'),
(341,9,1,'Demiboy','','2024-09-17 12:00:00','2024-09-17 12:00:00'),
(342,9,1,'Demigirl','','2024-09-17 12:00:00','2024-09-17 12:00:00'),
(343,9,1,'Intersex','','2024-09-17 12:00:00','2024-09-17 12:00:00'),
(344,9,1,'Género no conforme','','2024-09-17 12:00:00','2024-09-17 12:00:00'),
(345,17,1,'México',NULL,NULL,NULL),
(346,17,1,'Otro:',NULL,NULL,NULL),
(347,85,6,'Modalidad','A distancia / en línea',NULL,NULL),
(348,101,7,'Bibliotecas digitales','Nunca','2024-10-02 09:00:34','2024-10-02 09:00:34'),
(349,101,7,'Bibliotecas digitales','Casi nunca','2024-10-02 09:00:34','2024-10-02 09:00:34'),
(350,101,7,'Bibliotecas digitales','Casi siempre','2024-10-02 09:00:34','2024-10-02 09:00:34'),
(351,101,7,'Bibliotecas digitales','Siempre','2024-10-02 09:00:34','2024-10-02 09:00:34'),
(352,101,7,'Inteligencia artificial','Nunca','2024-10-02 09:00:34','2024-10-02 09:00:34'),
(353,101,7,'Inteligencia artificial','Casi nunca','2024-10-02 09:00:34','2024-10-02 09:00:34'),
(354,101,7,'Inteligencia artificial','Casi siempre','2024-10-02 09:00:34','2024-10-02 09:00:34'),
(355,101,7,'Inteligencia artificial','Siempre','2024-10-02 09:00:34','2024-10-02 09:00:34');

/*Table structure for table `paises` */

DROP TABLE IF EXISTS `paises`;

CREATE TABLE `paises` (
  `id` int(3) NOT NULL AUTO_INCREMENT,
  `nombre` varchar(50) CHARACTER SET utf8 COLLATE utf8_unicode_ci NOT NULL DEFAULT '',
  PRIMARY KEY (`id`)
) ENGINE=InnoDB AUTO_INCREMENT=2 DEFAULT CHARSET=utf8mb4 COLLATE=utf8mb4_unicode_ci;

/*Data for the table `paises` */

insert  into `paises`(`id`,`nombre`) values 
(1,'México');

/*Table structure for table `periodos_escolar` */

DROP TABLE IF EXISTS `periodos_escolar`;

CREATE TABLE `periodos_escolar` (
  `id` bigint(20) unsigned NOT NULL AUTO_INCREMENT,
  `inicio` date DEFAULT NULL,
  `fin` date DEFAULT NULL,
  `activo` int(11) DEFAULT 1,
  PRIMARY KEY (`id`)
) ENGINE=InnoDB DEFAULT CHARSET=utf8mb4 COLLATE=utf8mb4_general_ci;

/*Data for the table `periodos_escolar` */

/*Table structure for table `preguntas` */

DROP TABLE IF EXISTS `preguntas`;

CREATE TABLE `preguntas` (
  `id` bigint(20) unsigned NOT NULL AUTO_INCREMENT,
  `pregunta` text NOT NULL,
  `depende_p` text DEFAULT NULL,
  `tipo` varchar(255) NOT NULL,
  `seccion_id` varchar(255) NOT NULL,
  `activo` tinyint(1) NOT NULL,
  `ayuda` text DEFAULT NULL,
  `created_at` timestamp NULL DEFAULT NULL,
  `updated_at` timestamp NULL DEFAULT NULL,
  PRIMARY KEY (`id`)
) ENGINE=InnoDB AUTO_INCREMENT=10000 DEFAULT CHARSET=utf8mb4 COLLATE=utf8mb4_general_ci;

/*Data for the table `preguntas` */

insert  into `preguntas`(`id`,`pregunta`,`depende_p`,`tipo`,`seccion_id`,`activo`,`ayuda`,`created_at`,`updated_at`) values 
(1,'Correo',NULL,'texto','1',1,NULL,'2024-06-05 16:28:09','2024-06-05 16:28:09'),
(2,'Programa Educativo',NULL,'select','1',1,NULL,'2024-06-05 16:28:09','2024-06-05 16:28:09'),
(3,'Nombre',NULL,'texto','1',1,NULL,'2024-06-05 16:28:09','2024-06-05 16:28:09'),
(4,'Apellido Paterno',NULL,'texto','1',1,NULL,'2024-06-05 16:28:09','2024-06-05 16:28:09'),
(5,'Apellido Materno',NULL,'texto','1',1,NULL,'2024-06-05 16:28:09','2024-06-05 16:28:09'),
(6,'CURP',NULL,'curp','1',1,'Deben de ser exactamente 18 caracteres \nEjemplo: RACW050729MMCSHNA2','2024-06-05 16:28:09','2024-06-05 16:28:09'),
(7,'RFC',NULL,'rfc','1',1,'Deben de ser 13 caracteres ejemplo VECJ880326','2024-06-05 16:28:09','2024-06-05 16:28:09'),
(8,'Sexo',NULL,'opcion','1',1,'Selecciona tu sexo','2024-06-05 16:28:09','2024-06-05 16:28:09'),
(9,'¿Cuál es tu género?',NULL,'genero','1',1,'No binario: Aquellas personas que no se identifican exclusivamente como hombre o mujer.             Cisgénero: Cuando la identidad de género coincide con el sexo asignado al nacer.                   Género fluido: Personas cuya identidad de género puede v','2024-09-17 08:27:25','2024-09-17 08:27:25'),
(10,'Estado Civil',NULL,'opcion','1',1,NULL,'2024-06-05 16:28:09','2024-06-05 16:28:09'),
(11,'Número de Hijos',NULL,'opcion','1',1,NULL,'2024-06-05 16:28:09','2024-06-05 16:28:09'),
(12,'¿Económicamente, alguien depende de ti?',NULL,'opcion','1',1,'En caso de seleccionar si, especifica (hij@,padre,madre,espos@ y/o concubin@,etc).','2024-06-05 16:28:09','2024-06-05 16:28:09'),
(13,'Religión',NULL,'texto','1',1,NULL,'2024-06-05 16:28:09','2024-06-05 16:28:09'),
(14,'Grupo Sanguíneo',NULL,'select','1',1,NULL,'2024-06-05 16:28:09','2024-06-05 16:28:09'),
(15,'Edad',NULL,'numero','1',1,NULL,'2024-06-05 16:28:09','2024-06-05 16:28:09'),
(16,'Fecha de Nacimiento',NULL,'fecha','1',1,NULL,'2024-06-05 16:28:09','2024-06-05 16:28:09'),
(17,'País de Nacimiento',NULL,'pais','1',1,NULL,'2024-06-05 16:28:09','2024-06-05 16:28:09'),
(18,'Entidad Federativa de Nacimiento',NULL,'estado','1',1,' Estado, provincia, región, etc.','2024-06-05 16:28:09','2024-06-05 16:28:09'),
(19,'Municipio de Nacimiento',NULL,'municipio','1',1,'Municipio, colonia, barrio, etc.','2024-06-05 16:28:09','2024-06-05 16:28:09'),
(20,'Teléfono Celular',NULL,'telefono','1',1,'Deben ser 10 digitos','2024-06-05 16:28:09','2024-06-05 16:28:09'),
(21,'Teléfono Casa',NULL,'telefono','1',1,'Deben ser 10 digitos','2024-06-05 16:28:09','2024-06-05 16:28:09'),
(22,'Correo Electrónico Personal',NULL,'correo','1',1,NULL,'2024-06-05 16:28:09','2024-06-05 16:28:09'),
(23,'Redes Sociales',NULL,'r_social','1',1,'Red Social que mas utilice.        Ejemplo: https://www.facebook.com/...','2024-06-05 16:28:09','2024-06-05 16:28:09'),
(24,'Calle',NULL,'texto','1',1,NULL,'2024-06-05 16:28:09','2024-06-05 16:28:09'),
(25,'No. Exterior',NULL,'texto','1',1,NULL,'2024-06-05 16:28:09','2024-06-05 16:28:09'),
(26,'No. Interior',NULL,'texto','1',1,NULL,'2024-06-05 16:28:09','2024-06-05 16:28:09'),
(27,'Colonia',NULL,'texto','1',1,NULL,'2024-06-05 16:28:09','2024-06-05 16:28:09'),
(28,'Localidad',NULL,'texto','1',1,NULL,'2024-06-05 16:28:09','2024-06-05 16:28:09'),
(29,'Municipio',NULL,'texto','1',1,NULL,'2024-06-05 16:28:09','2024-06-05 16:28:09'),
(30,'CP',NULL,'c_postal','1',1,'Código postal\nEjemplo: 09010','2024-06-05 16:28:09','2024-06-05 16:28:09'),
(31,'Menciona 2 referencias cerca de su domicilio',NULL,'texto_a','1',1,'Debe de ser muy específico colocando ambas referencias\nEjemplo: Enfrente de la tienda “La paz”','2024-06-05 16:28:09','2024-06-05 16:28:09'),
(32,'Nombre',NULL,'texto','2',1,NULL,'2024-06-05 16:28:09','2024-06-05 16:28:09'),
(33,'Apellido Paterno',NULL,'texto','2',1,NULL,'2024-06-05 16:28:09','2024-06-05 16:28:09'),
(34,'Apellido Materno',NULL,'texto','2',1,NULL,'2024-06-05 16:28:09','2024-06-05 16:28:09'),
(35,'Parentesco',NULL,'opcion','2',1,NULL,'2024-06-05 16:28:09','2024-06-05 16:28:09'),
(36,'Correo Electrónico',NULL,'correo','2',1,NULL,'2024-06-05 16:28:09','2024-06-05 16:28:09'),
(37,'Teléfono Celular',NULL,'telefono','2',1,'Deben ser 10 digitos','2024-06-05 16:28:09','2024-06-05 16:28:09'),
(38,'Teléfono de Casa',NULL,'telefono','2',1,'Deben ser 10 digitos','2024-06-05 16:28:09','2024-06-05 16:28:09'),
(39,'Domicilio Completo',NULL,'texto_a','2',1,'Calle, número ,código postal, colonia, localidad, municipio','2024-06-05 16:28:09','2024-06-05 16:28:09'),
(40,'Menciona dos referencias cerca de su domicilio',NULL,'texto_a','2',1,'Debe de ser muy específico colocando ambas referencias\nEjemplo: Enfrente de la tienda “La paz”','2024-06-05 16:28:09','2024-06-05 16:28:09'),
(41,'Nombre',NULL,'texto','3',1,NULL,'2024-06-05 16:28:09','2024-06-05 16:28:09'),
(42,'Apellido Paterno',NULL,'texto','3',1,NULL,'2024-06-05 16:28:09','2024-06-05 16:28:09'),
(43,'Apellido Materno',NULL,'texto','3',1,NULL,'2024-06-05 16:28:09','2024-06-05 16:28:09'),
(44,'Parentesco',NULL,'opcion','3',1,NULL,'2024-06-05 16:28:09','2024-06-05 16:28:09'),
(45,'Correo Electrónico',NULL,'correo','3',1,NULL,'2024-06-05 16:28:09','2024-06-05 16:28:09'),
(46,'Teléfono Celular',NULL,'telefono','3',1,'Deben ser 10 digitos','2024-06-05 16:28:09','2024-06-05 16:28:09'),
(47,'Teléfono de Casa',NULL,'telefono','3',1,'Deben ser 10 digitos','2024-06-05 16:28:09','2024-06-05 16:28:09'),
(48,'Domicilio',NULL,'texto_a','3',1,'Calle, número ,código postal, colonia, localidad, municipio','2024-06-05 16:28:09','2024-06-05 16:28:09'),
(49,'Menciona 2 referencias cerca de su domicilio',NULL,'texto_a','3',1,'Debe de ser muy específico colocando ambas referencias\nEjemplo: Enfrente de la tienda “La paz”','2024-06-05 16:28:09','2024-06-05 16:28:09'),
(50,'¿Trabajas?',NULL,'opcion','4',1,NULL,'2024-06-05 16:28:09','2024-06-05 16:28:09'),
(51,'¿Cuántas horas trabajas a la semana?','50','opcion','4',1,NULL,'2024-06-05 16:28:09','2024-06-05 16:28:09'),
(52,'¿Nombre del lugar de trabajo?','50','texto','4',1,NULL,'2024-06-05 16:28:09','2024-06-05 16:28:09'),
(53,'¿Dirección del lugar de trabajo?','50','texto','4',1,NULL,'2024-06-05 16:28:09','2024-06-05 16:28:09'),
(54,'¿Días de trabajo?','50','multi','4',1,NULL,'2024-06-05 16:28:09','2024-06-05 16:28:09'),
(55,'¿Horarios de trabajo?','50','texto','4',1,'Introduce los horarios separados por comas y usa el formato de 24 horas.     Ejemplo: Lunes 08:00 - 16:00, Martes 11:00 -  20:00, etc.','2024-06-05 16:28:09','2024-06-05 16:28:09'),
(56,'¿Ingreso mensual?','50','numero','4',1,'Cuanto ganas mensualmente.','2024-06-05 16:28:09','2024-06-05 16:28:09'),
(57,'¿De quién dependes económicamente?',NULL,'opcion','4',1,NULL,'2024-06-05 16:28:09','2024-06-05 16:28:09'),
(58,'¿Con quién vives actualmente?',NULL,'texto','4',1,NULL,'2024-06-05 16:28:09','2024-06-05 16:28:09'),
(59,'¿Quién aporta al gasto familiar?',NULL,'multi','4',1,NULL,'2024-06-05 16:28:09','2024-06-05 16:28:09'),
(60,'¿Ingreso mensual total de todos los integrantes de la familia?',NULL,'numero','4',1,'Suma total de los ingresos de todos los integrantes','2024-06-05 16:28:09','2024-06-05 16:28:09'),
(61,'¿Edad de los integrantes de la familia?',NULL,'multi','4',1,NULL,'2024-06-05 16:28:09','2024-06-05 16:28:09'),
(62,'Ocupación de quien aporta la mayor parte del gasto familiar',NULL,'texto','4',1,NULL,'2024-06-05 16:28:09','2024-06-05 16:28:09'),
(63,'¿Cuál es tu lugar de residencia mientras estudias la carrera?',NULL,'opcion','4',1,NULL,'2024-06-05 16:28:09','2024-06-05 16:28:09'),
(64,'Tiempo de residencia en el domicilio',NULL,'texto','4',1,'2 años, 5 años, 10 años, etc.','2024-06-05 16:28:09','2024-06-05 16:28:09'),
(65,' ¿Qué servicios están disponibles en la casa donde vives?',NULL,'multi','4',1,NULL,'2024-06-05 16:28:09','2024-06-05 16:28:09'),
(66,'¿Cuál es el medio de transporte que utilizas regularmente para trasladarte a la escuela?',NULL,'multi','4',1,NULL,'2024-06-05 16:28:09','2024-06-05 16:28:09'),
(67,'¿Cuánto tiempo haces diariamente para trasladarte de tu lugar de residencia a la escuela?',NULL,'opcion','4',1,NULL,'2024-06-05 16:28:09','2024-06-05 16:28:09'),
(68,'Análisis relación Padre',NULL,'multi','4',1,NULL,'2024-06-05 16:28:09','2024-06-05 16:28:09'),
(69,'Análisis relación Madre',NULL,'multi','4',1,NULL,'2024-06-05 16:28:09','2024-06-05 16:28:09'),
(70,'¿Tus papás o tus abuelos son indígenas?',NULL,'opcion','4',1,NULL,'2024-06-05 16:28:09','2024-06-05 16:28:09'),
(71,'¿Tus papás o tus abuelos entienden o hablan alguna lengua indígena?',NULL,'opcion','4',1,NULL,'2024-06-05 16:28:09','2024-06-05 16:28:09'),
(72,'¿Tú hablas o entiendes alguna lengua indígena?',NULL,'opcion','4',1,NULL,'2024-06-05 16:28:09','2024-06-05 16:28:09'),
(73,'Indica si presentas alguna de las siguientes condiciones',NULL,'multi','5',1,NULL,'2024-06-05 16:28:09','2024-06-05 16:28:09'),
(74,'¿Tienes algún padecimiento crónico?',NULL,'opcion','5',1,NULL,'2024-06-05 16:28:09','2024-06-05 16:28:09'),
(75,'Nombre del padecimiento crónico','73','texto','5',1,NULL,'2024-06-05 16:28:09','2024-06-05 16:28:09'),
(76,'¿Tienes alguna alergia?',NULL,'opcion','5',1,NULL,'2024-06-05 16:28:09','2024-06-05 16:28:09'),
(77,'Nombre de la alergia','75','texto','5',1,NULL,'2024-06-05 16:28:09','2024-06-05 16:28:09'),
(78,'¿Tomas algún medicamento periódicamente?',NULL,'opcion','5',1,NULL,'2024-06-05 16:28:09','2024-06-05 16:28:09'),
(79,'Nombre del medicamento','77','texto','5',1,NULL,'2024-06-05 16:28:09','2024-06-05 16:28:09'),
(80,'¿Has recibido atención psicológica o psiquiátrica?',NULL,'opcion','5',1,NULL,'2024-06-05 16:28:09','2024-06-05 16:28:09'),
(81,'Motivo de la atención psicológica o psiquiátrica','79','texto','5',1,NULL,'2024-06-05 16:28:09','2024-06-05 16:28:09'),
(82,'¿Ha estado alguna vez hospitalizado(a)?',NULL,'opcion','5',1,NULL,'2024-06-05 16:28:09','2024-06-05 16:28:09'),
(83,'Especifica el motivo de la hospitalización','81','texto_a','5',1,NULL,'2024-06-05 16:28:09','2024-06-05 16:28:09'),
(84,'¿En qué tipo de escuela realizaste tus estudios previos a la educación superior?',NULL,'opcion','6',1,NULL,'2024-06-05 16:28:09','2024-06-05 16:28:09'),
(85,'¿Cuál fue el tipo de modalidad educativa en la que completaste tus estudios previos a la educación superior?',NULL,'opcion','6',1,'Escolarizada: Educación tradicional con clases en un aula física.\nEducación Abierta/No Escolarizada: Incluye educación en línea, a distancia, o programas flexibles sin clases presenciales regulares.','2024-06-05 16:28:09','2024-06-05 16:28:09'),
(86,'Nombre de la institución de nivel medio superior',NULL,'texto','6',1,NULL,'2024-06-05 16:28:09','2024-06-05 16:28:09'),
(87,'Especialidad que cursó en el nivel medio superior',NULL,'texto','6',1,NULL,'2024-06-05 16:28:09','2024-06-05 16:28:09'),
(88,'Estado donde se ubica la institución de nivel medio superior',NULL,'texto','6',1,NULL,'2024-06-05 16:28:09','2024-06-05 16:28:09'),
(89,'Municipio donde se ubica la institución de nivel medio superior',NULL,'texto','6',1,NULL,'2024-06-05 16:28:09','2024-06-05 16:28:09'),
(90,'¿Cuál fue la escolaridad máxima alcanzada por tu madre?',NULL,'opcion','6',1,NULL,'2024-06-05 16:28:09','2024-06-05 16:28:09'),
(91,'¿Cuál fue la escolaridad máxima alcanzada por tu padre?',NULL,'opcion','6',1,NULL,'2024-06-05 16:28:09','2024-06-05 16:28:09'),
(92,'¿Tienes hermanos que estén cursando una carrera de licenciatura?',NULL,'opcion','6',1,NULL,'2024-06-05 16:28:09','2024-06-05 16:28:09'),
(93,'En el proceso para que decidieras cursar tu carrera, ¿qué factores fueron de mayor importancia?',NULL,'multi','6',1,NULL,'2024-06-05 16:28:09','2024-06-05 16:28:09'),
(94,'¿Cursas alguna otra carrera actualmente?',NULL,'opcion','6',1,NULL,'2024-06-05 16:28:09','2024-06-05 16:28:09'),
(95,'Nombre de la otra carrera que cursas actualmente','93','texto','6',1,NULL,'2024-06-05 16:28:09','2024-06-05 16:28:09'),
(96,'Nombre de la institución de la otra carrera que cursas actualmente','93','texto','6',1,NULL,'2024-06-05 16:28:09','2024-06-05 16:28:09'),
(97,'¿Cursaste otra carrera antes de entrar a la UTVT?',NULL,'opcion','6',1,NULL,'2024-06-05 16:28:09','2024-06-05 16:28:09'),
(98,'¿La carrera que cursaste anteriormente es la misma con la que iniciaste tus estudios?','96','opcion','6',1,NULL,'2024-06-05 16:28:09','2024-06-05 16:28:09'),
(99,'Nombre de la institución de la carrera que cursaste antes de entrar a la UTVT','96','texto','6',1,NULL,'2024-06-05 16:28:09','2024-06-05 16:28:09'),
(100,'¿A qué factores se debió tu cambio de carrera?','96','multi','6',1,NULL,'2024-06-05 16:28:09','2024-06-05 16:28:09'),
(101,'¿Qué referencias acostumbras utilizar al cursar tus estudios?',NULL,'multi','7',1,NULL,'2024-06-05 16:28:09','2024-06-05 16:28:09'),
(102,'En promedio, ¿cuántas horas dedicas a la semana a la preparación de tus trabajos? (Lectura de comprensión y preparación de trabajos y tareas)',NULL,'opcion','7',1,NULL,'2024-06-05 16:28:09','2024-06-05 16:28:09'),
(103,'¿Cuáles son las formas de estudio y/o realización de trabajos escolares que empleas regularmente?',NULL,'multi','7',1,NULL,'2024-06-05 16:28:09','2024-06-05 16:28:09'),
(104,'¿En qué ámbito laboral preferirías desempeñarte al finalizar la carrera que estás cursando actualmente?',NULL,'opcion','8',1,NULL,'2024-06-05 16:28:09','2024-06-05 16:28:09'),
(105,'Una vez concluidos tus estudios, ¿cómo consideras tus posibilidades de encontrar trabajo relacionado con tu profesión?',NULL,'opcion','8',1,NULL,'2024-06-05 16:28:09','2024-06-05 16:28:09'),
(106,'En comparación con la ocupación de tu padre o de la persona que ocupa el lugar de jefe de familia, ¿cómo percibes el desarrollo de tu vida profesional una vez que concluyas tus estudios de licenciatura?',NULL,'multi','8',1,NULL,'2024-06-05 16:28:09','2024-06-05 16:28:09'),
(107,'¿Dentro de tus planes futuros piensas realizar estudios de posgrado después de concluir tu carrera?',NULL,'opcion','8',1,NULL,'2024-06-05 16:28:09','2024-06-05 16:28:09');

/*Table structure for table `programa_edu` */

DROP TABLE IF EXISTS `programa_edu`;

CREATE TABLE `programa_edu` (
  `id` bigint(20) unsigned NOT NULL AUTO_INCREMENT,
  `grado` varchar(20) DEFAULT NULL,
  `nombre` text DEFAULT NULL,
  `clave` varchar(10) DEFAULT NULL,
  `created_at` timestamp NULL DEFAULT NULL,
  `updated_at` timestamp NULL DEFAULT NULL,
  PRIMARY KEY (`id`)
) ENGINE=InnoDB AUTO_INCREMENT=21 DEFAULT CHARSET=utf8mb4 COLLATE=utf8mb4_general_ci;

/*Data for the table `programa_edu` */

insert  into `programa_edu`(`id`,`grado`,`nombre`,`clave`,`created_at`,`updated_at`) values 
(1,'TSU','TSU en TI, área Desarrollo de Software Multiplataforma','DSM',NULL,NULL),
(2,'TSU','Infraestructura de Redes Digitales','IRD',NULL,NULL),
(3,'TSU','Mantenimiento Industrial','MI',NULL,NULL),
(4,'TSU','Sistemas de Manufactura Flexible','SMF',NULL,NULL),
(5,'TSU','Procesos Productivos','PP',NULL,NULL),
(6,'TSU','Gestión Ambiental','GA',NULL,NULL),
(7,'TSU','Paramédico','Paramédico',NULL,NULL),
(8,'TSU','Ventas','Ventas',NULL,NULL),
(9,'TSU','Mercadotecnia','Mercadotec',NULL,NULL),
(10,'TSU','Biotecnología','Biotecnolo',NULL,NULL),
(11,'TSU','Tecnología de Alimentos','TA',NULL,NULL),
(12,'Ingeniería','Diseño y Gestión de Software','IDGS',NULL,NULL),
(13,'Ingeniería','Mantenimiento Industrial','MI',NULL,NULL),
(14,'Ingeniería','Mecatrónica','Mecatrónic',NULL,NULL),
(15,'Ingeniería','Industrial','Industrial',NULL,NULL),
(16,'Ingeniería','Biotecnología','Biotecnolo',NULL,NULL),
(17,'Ingeniería','Alimentos','Alimentos',NULL,NULL),
(18,'Licenciatura','Protección Civil y Emergencias','IPCE',NULL,NULL),
(19,'Licenciatura','Negocios y Mercadotecnia','INM',NULL,NULL),
(20,'Licenciatura','Enfermería','LE',NULL,NULL);

/*Table structure for table `respuestas` */

DROP TABLE IF EXISTS `respuestas`;

CREATE TABLE `respuestas` (
  `id` bigint(20) unsigned NOT NULL AUTO_INCREMENT,
  `respuesta` text NOT NULL,
  `pregunta_id` bigint(20) unsigned NOT NULL,
  `created_at` timestamp NULL DEFAULT NULL,
  `updated_at` timestamp NULL DEFAULT NULL,
  PRIMARY KEY (`id`),
  KEY `respuesta_fk_pregunta_foreign` (`pregunta_id`),
  CONSTRAINT `respuesta_fk_pregunta_foreign` FOREIGN KEY (`pregunta_id`) REFERENCES `preguntas` (`id`)
) ENGINE=InnoDB DEFAULT CHARSET=utf8mb4 COLLATE=utf8mb4_general_ci;

/*Data for the table `respuestas` */

/*Table structure for table `roles` */

DROP TABLE IF EXISTS `roles`;

CREATE TABLE `roles` (
  `id` bigint(20) unsigned NOT NULL AUTO_INCREMENT,
  `nombre` varchar(255) NOT NULL,
  `descripcion` varchar(255) NOT NULL,
  `created_at` timestamp NULL DEFAULT NULL,
  `updated_at` timestamp NULL DEFAULT NULL,
  PRIMARY KEY (`id`)
) ENGINE=InnoDB AUTO_INCREMENT=5 DEFAULT CHARSET=utf8mb4 COLLATE=utf8mb4_general_ci;

/*Data for the table `roles` */

insert  into `roles`(`id`,`nombre`,`descripcion`,`created_at`,`updated_at`) values 
(1,'Director de Carrera','Hola',NULL,NULL),
(2,'PTC/Tutor','Hola',NULL,NULL),
(3,'Estudiante','Hola',NULL,NULL),
(4,'Psicología','Hola',NULL,NULL);

/*Table structure for table `secciones` */

DROP TABLE IF EXISTS `secciones`;

CREATE TABLE `secciones` (
  `id` bigint(20) unsigned NOT NULL AUTO_INCREMENT,
  `nombre` varchar(255) NOT NULL,
  `descripcion` text DEFAULT NULL,
  `created_at` timestamp NULL DEFAULT NULL,
  `updated_at` timestamp NULL DEFAULT NULL,
  PRIMARY KEY (`id`)
) ENGINE=InnoDB AUTO_INCREMENT=9 DEFAULT CHARSET=utf8mb4 COLLATE=utf8mb4_general_ci;

/*Data for the table `secciones` */

insert  into `secciones`(`id`,`nombre`,`descripcion`,`created_at`,`updated_at`) values 
(1,'general','Datos Generales',NULL,NULL),
(2,'emergencia','Datos de Contacto de Emergencia',NULL,NULL),
(3,'emergencia2','Datos de Contacto de Emergencia (2)',NULL,NULL),
(4,'socioeconomico','Aspectos Socioeconómicos',NULL,NULL),
(5,'salud','Condiciones de Salud',NULL,NULL),
(6,'escolar','Análisis Académico',NULL,NULL),
(7,'habitos','Hábitos de Estudio y Prácticas Escolares',NULL,NULL),
(8,'expectativas','Expectativas Educativas y Ocupacionales',NULL,NULL);

/*Table structure for table `t_grupos` */

DROP TABLE IF EXISTS `t_grupos`;

CREATE TABLE `t_grupos` (
  `id` bigint(20) unsigned NOT NULL AUTO_INCREMENT,
  `nombre` text DEFAULT NULL,
  `programa_e` bigint(20) unsigned DEFAULT NULL,
  `nomenclatura` varchar(15) DEFAULT NULL,
  `tutor` bigint(20) unsigned DEFAULT NULL,
  `periodo_e` bigint(20) unsigned DEFAULT NULL,
  `activo` int(11) DEFAULT 1,
  PRIMARY KEY (`id`),
  KEY `programa_e` (`programa_e`),
  KEY `tutor` (`tutor`),
  KEY `periodo_e` (`periodo_e`),
  CONSTRAINT `t_grupos_ibfk_1` FOREIGN KEY (`programa_e`) REFERENCES `programa_edu` (`id`) ON DELETE NO ACTION,
  CONSTRAINT `t_grupos_ibfk_2` FOREIGN KEY (`tutor`) REFERENCES `tutores` (`id`) ON DELETE NO ACTION,
  CONSTRAINT `t_grupos_ibfk_3` FOREIGN KEY (`periodo_e`) REFERENCES `periodos_escolar` (`id`) ON DELETE NO ACTION
) ENGINE=InnoDB DEFAULT CHARSET=utf8mb4 COLLATE=utf8mb4_general_ci;

/*Data for the table `t_grupos` */

/*Table structure for table `tutores` */

DROP TABLE IF EXISTS `tutores`;

CREATE TABLE `tutores` (
  `id` bigint(20) unsigned NOT NULL AUTO_INCREMENT,
  `nombre` text DEFAULT NULL,
  `apellido_p` text DEFAULT NULL,
  `apellido_m` text DEFAULT NULL,
  `clave_sp` text DEFAULT NULL,
  `correo` text DEFAULT NULL,
  `telefono` text DEFAULT NULL,
  `activo` int(11) DEFAULT 1,
  PRIMARY KEY (`id`)
) ENGINE=InnoDB DEFAULT CHARSET=utf8mb4 COLLATE=utf8mb4_general_ci;

/*Data for the table `tutores` */

/*Table structure for table `estudiante_respuesta` */

DROP TABLE IF EXISTS `estudiante_respuesta`;

CREATE TABLE `estudiante_respuesta` (
  `id` bigint(200) unsigned NOT NULL AUTO_INCREMENT,
  `usuario_id` bigint(200) unsigned NOT NULL,
  `pregunta_id` bigint(200) unsigned NOT NULL,
  `opcion_id` bigint(200) unsigned DEFAULT NULL,
  `seccion_id` bigint(200) unsigned DEFAULT NULL,
  `respuesta_texto` text DEFAULT NULL,
  `created_at` timestamp NULL DEFAULT NULL,
  `updated_at` timestamp NULL DEFAULT NULL,
  PRIMARY KEY (`id`),
  KEY `estudiante_respuesta_usuario_id_foreign` (`usuario_id`),
  KEY `estudiante_respuesta_pregunta_id_foreign` (`pregunta_id`),
  KEY `estudiante_respuesta_opcion_id_foreign` (`opcion_id`),
  KEY `estudiante_respuesta_seccion_id_foreign` (`seccion_id`),
  CONSTRAINT `estudiante_respuesta_opcion_id_foreign` FOREIGN KEY (`opcion_id`) REFERENCES `opciones_respuesta` (`id`),
  CONSTRAINT `estudiante_respuesta_pregunta_id_foreign` FOREIGN KEY (`pregunta_id`) REFERENCES `preguntas` (`id`),
  CONSTRAINT `estudiante_respuesta_seccion_id_foreign` FOREIGN KEY (`seccion_id`) REFERENCES `secciones` (`id`),
  CONSTRAINT `estudiante_respuesta_usuario_id_foreign` FOREIGN KEY (`usuario_id`) REFERENCES `usuarios` (`id`)
) ENGINE=InnoDB AUTO_INCREMENT=2283 DEFAULT CHARSET=utf8mb4 COLLATE=utf8mb4_general_ci;

/*Data for the table `estudiante_respuesta` */

insert  into `estudiante_respuesta`(`id`,`usuario_id`,`pregunta_id`,`opcion_id`,`seccion_id`,`respuesta_texto`,`created_at`,`updated_at`) values 
(1186,11,1,NULL,1,'fernanda@gmail.com','2024-09-03 17:59:03','2024-09-03 17:59:03'),
(1187,11,2,NULL,1,'2','2024-09-03 17:59:03','2024-09-03 17:59:03'),
(1188,11,3,NULL,1,'Fernanda','2024-09-03 17:59:03','2024-09-03 17:59:03'),
(1189,11,4,NULL,1,'Gomez','2024-09-03 17:59:03','2024-09-03 17:59:03'),
(1190,11,5,NULL,1,'Alcantara','2024-09-03 17:59:03','2024-09-03 17:59:03'),
(1191,11,6,NULL,1,'GAFH080903MMCNRSA9','2024-09-03 17:59:03','2024-09-03 17:59:03'),
(1192,11,7,NULL,1,'AIOM0206058V0','2024-09-03 17:59:03','2024-09-03 17:59:03'),
(1193,11,8,NULL,1,'Femenino','2024-09-03 17:59:03','2024-09-03 17:59:03'),
(1194,11,10,NULL,1,'Soltero(a)','2024-09-03 17:59:03','2024-09-03 17:59:03'),
(1195,11,11,NULL,1,'Ninguno','2024-09-03 17:59:03','2024-09-03 17:59:03'),
(1196,11,12,NULL,1,'No','2024-09-03 17:59:03','2024-09-03 17:59:03'),
(1197,11,13,NULL,1,'Catolico','2024-09-03 17:59:03','2024-09-03 17:59:03'),
(1198,11,14,NULL,1,'O positivo','2024-09-03 17:59:03','2024-09-03 17:59:03'),
(1199,11,15,NULL,1,'2024-09-02','2024-09-03 17:59:03','2024-09-03 17:59:03'),
(1200,11,16,NULL,1,'21','2024-09-03 17:59:03','2024-09-03 17:59:03'),
(1201,11,17,NULL,1,'México','2024-09-03 17:59:03','2024-09-03 17:59:03'),
(1202,11,18,NULL,1,'México','2024-09-03 17:59:03','2024-09-03 17:59:03'),
(1203,11,19,NULL,1,'Lerma','2024-09-03 17:59:03','2024-09-03 17:59:03'),
(1204,11,20,NULL,1,'7295670019','2024-09-03 17:59:03','2024-09-03 17:59:03'),
(1205,11,21,NULL,1,'2340910','2024-09-03 17:59:03','2024-09-03 17:59:03'),
(1206,11,22,NULL,1,'fernandaP@gmail.com','2024-09-03 17:59:03','2024-09-03 17:59:03'),
(1207,11,23,NULL,1,'https://www.facebook.com','2024-09-03 17:59:03','2024-09-03 17:59:03'),
(1208,11,24,NULL,1,'Emilio Trejo','2024-09-03 17:59:03','2024-09-03 17:59:03'),
(1209,11,25,NULL,1,'203','2024-09-03 17:59:03','2024-09-03 17:59:03'),
(1210,11,26,NULL,1,'','2024-09-03 17:59:03','2024-09-03 17:59:03'),
(1211,11,27,NULL,1,'Americas','2024-09-03 17:59:03','2024-09-03 17:59:03'),
(1212,11,28,NULL,1,'Lerma','2024-09-03 17:59:03','2024-09-03 17:59:03'),
(1213,11,29,NULL,1,'Santa María Atarasquillo','2024-09-03 17:59:03','2024-09-03 17:59:03'),
(1214,11,30,NULL,1,'50120','2024-09-03 17:59:03','2024-09-03 17:59:03'),
(1215,11,31,NULL,1,'Calle pepito y Calle La china','2024-09-03 17:59:03','2024-09-03 17:59:03'),
(1216,12,1,NULL,1,'emi@gmail.com','2024-09-03 18:06:32','2024-09-03 18:06:32'),
(1217,12,2,NULL,1,'1','2024-09-03 18:06:32','2024-09-03 18:06:32'),
(1218,12,3,NULL,1,'Emiliano','2024-09-03 18:06:32','2024-09-03 18:06:32'),
(1219,12,4,NULL,1,'Bermudez','2024-09-03 18:06:32','2024-09-03 18:06:32'),
(1220,12,5,NULL,1,'Olivares','2024-09-03 18:06:32','2024-09-03 18:06:32'),
(1221,12,6,NULL,1,'GAXJ920303HDFLML09','2024-09-03 18:06:32','2024-09-03 18:06:32'),
(1222,12,7,NULL,1,'GAXJ920303LM9','2024-09-03 18:06:32','2024-09-03 18:06:32'),
(1223,12,8,NULL,1,'Masculino','2024-09-03 18:06:32','2024-09-03 18:06:32'),
(1224,12,10,NULL,1,'Viudo(a)','2024-09-03 18:06:32','2024-09-03 18:06:32'),
(1225,12,11,NULL,1,'2 hijos(as)','2024-09-03 18:06:32','2024-09-03 18:06:32'),
(1226,12,12,NULL,1,'Mis hijos','2024-09-03 18:06:32','2024-09-03 18:06:32'),
(1227,12,13,NULL,1,'Ninguna','2024-09-03 18:06:32','2024-09-03 18:06:32'),
(1228,12,14,NULL,1,'O positivo','2024-09-03 18:06:32','2024-09-03 18:06:32'),
(1229,12,15,NULL,1,'2003-09-15','2024-09-03 18:06:32','2024-09-03 18:06:32'),
(1230,12,16,NULL,1,'21','2024-09-03 18:06:32','2024-09-03 18:06:32'),
(1231,12,17,NULL,1,'México','2024-09-03 18:06:32','2024-09-03 18:06:32'),
(1232,12,18,NULL,1,'Metepec','2024-09-03 18:06:32','2024-09-03 18:06:32'),
(1233,12,19,NULL,1,'Metepec','2024-09-03 18:06:32','2024-09-03 18:06:32'),
(1234,12,20,NULL,1,'7294790412','2024-09-03 18:06:32','2024-09-03 18:06:32'),
(1235,12,21,NULL,1,'2340765','2024-09-03 18:06:32','2024-09-03 18:06:32'),
(1236,12,22,NULL,1,'emiP@gmail.com','2024-09-03 18:06:32','2024-09-03 18:06:32'),
(1237,12,23,NULL,1,'https://www.facebook.com/emi','2024-09-03 18:06:32','2024-09-03 18:06:32'),
(1238,12,24,NULL,1,'El dedos','2024-09-03 18:06:32','2024-09-03 18:06:32'),
(1239,12,25,NULL,1,'4','2024-09-03 18:06:32','2024-09-03 18:06:32'),
(1240,12,26,NULL,1,'','2024-09-03 18:06:32','2024-09-03 18:06:32'),
(1241,12,27,NULL,1,'Mi chiquita','2024-09-03 18:06:32','2024-09-03 18:06:32'),
(1242,12,28,NULL,1,'Metepec','2024-09-03 18:06:32','2024-09-03 18:06:32'),
(1243,12,29,NULL,1,'Metepec','2024-09-03 18:06:32','2024-09-03 18:06:32'),
(1244,12,30,NULL,1,'50010','2024-09-03 18:06:32','2024-09-03 18:06:32'),
(1245,12,31,NULL,1,'Calle pepito y Calle La china','2024-09-03 18:06:32','2024-09-03 18:06:32'),
(1246,13,1,NULL,1,'caro@gmail.com','2024-09-03 18:10:52','2024-09-03 18:10:52'),
(1247,13,2,NULL,1,'2','2024-09-03 18:10:52','2024-09-03 18:10:52'),
(1248,13,3,NULL,1,'Carolina','2024-09-03 18:10:52','2024-09-03 18:10:52'),
(1249,13,4,NULL,1,'Garcia','2024-09-03 18:10:52','2024-09-03 18:10:52'),
(1250,13,5,NULL,1,'Garcia','2024-09-03 18:10:52','2024-09-03 18:10:52'),
(1251,13,6,NULL,1,'ROGP851112MDFNRN02','2024-09-03 18:10:52','2024-09-03 18:10:52'),
(1252,13,7,NULL,1,'ROGP851112NR2','2024-09-03 18:10:52','2024-09-03 18:10:52'),
(1253,13,8,NULL,1,'Femenino','2024-09-03 18:10:52','2024-09-03 18:10:52'),
(1254,13,10,NULL,1,'Unión libre','2024-09-03 18:10:52','2024-09-03 18:10:52'),
(1255,13,11,NULL,1,'1 hijo(a)','2024-09-03 18:10:52','2024-09-03 18:10:52'),
(1256,13,12,NULL,1,'Si, mi bebé','2024-09-03 18:10:52','2024-09-03 18:10:52'),
(1257,13,13,NULL,1,'Cristiana','2024-09-03 18:10:52','2024-09-03 18:10:52'),
(1258,13,14,NULL,1,'O negativo','2024-09-03 18:10:52','2024-09-03 18:10:52'),
(1259,13,15,NULL,1,'2006-05-26','2024-09-03 18:10:52','2024-09-03 18:10:52'),
(1260,13,16,NULL,1,'18','2024-09-03 18:10:52','2024-09-03 18:10:52'),
(1261,13,17,NULL,1,'México','2024-09-03 18:10:52','2024-09-03 18:10:52'),
(1262,13,18,NULL,1,'México','2024-09-03 18:10:52','2024-09-03 18:10:52'),
(1263,13,19,NULL,1,'Toluca','2024-09-03 18:10:52','2024-09-03 18:10:52'),
(1264,13,20,NULL,1,'7290002299','2024-09-03 18:10:52','2024-09-03 18:10:52'),
(1265,13,21,NULL,1,'2348908','2024-09-03 18:10:52','2024-09-03 18:10:52'),
(1266,13,22,NULL,1,'caroP@gmail.com','2024-09-03 18:10:52','2024-09-03 18:10:52'),
(1267,13,23,NULL,1,'https://www.facebook.com/caro','2024-09-03 18:10:52','2024-09-03 18:10:52'),
(1268,13,24,NULL,1,'SrJuana','2024-09-03 18:10:52','2024-09-03 18:10:52'),
(1269,13,25,NULL,1,'10','2024-09-03 18:10:52','2024-09-03 18:10:52'),
(1270,13,26,NULL,1,'8','2024-09-03 18:10:52','2024-09-03 18:10:52'),
(1271,13,27,NULL,1,'Matamorros','2024-09-03 18:10:52','2024-09-03 18:10:52'),
(1272,13,28,NULL,1,'Toluca','2024-09-03 18:10:52','2024-09-03 18:10:52'),
(1273,13,29,NULL,1,'Nicolas Romero','2024-09-03 18:10:52','2024-09-03 18:10:52'),
(1274,13,30,NULL,1,'50130','2024-09-03 18:10:52','2024-09-03 18:10:52'),
(1275,13,31,NULL,1,'Calle pepito y Calle La china','2024-09-03 18:10:52','2024-09-03 18:10:52'),
(1276,14,1,NULL,1,'jorge@gmail.com','2024-09-03 18:16:33','2024-09-03 18:16:33'),
(1277,14,2,NULL,1,'2','2024-09-03 18:16:33','2024-09-03 18:16:33'),
(1278,14,3,NULL,1,'Jorge','2024-09-03 18:16:33','2024-09-03 18:16:33'),
(1279,14,4,NULL,1,'Castañeda','2024-09-03 18:16:33','2024-09-03 18:16:33'),
(1280,14,5,NULL,1,'Campuzano','2024-09-03 18:16:33','2024-09-03 18:16:33'),
(1281,14,6,NULL,1,'CACM950617HBCMRT01','2024-09-03 18:16:33','2024-09-03 18:16:33'),
(1282,14,7,NULL,1,'LIMK000830PR0','2024-09-03 18:16:33','2024-09-03 18:16:33'),
(1283,14,8,NULL,1,'Masculino','2024-09-03 18:16:33','2024-09-03 18:16:33'),
(1284,14,10,NULL,1,'Viudo(a)','2024-09-03 18:16:33','2024-09-03 18:16:33'),
(1285,14,11,NULL,1,'Ninguno','2024-09-03 18:16:33','2024-09-03 18:16:33'),
(1286,14,12,NULL,1,'No','2024-09-03 18:16:33','2024-09-03 18:16:33'),
(1287,14,13,NULL,1,'Judia','2024-09-03 18:16:33','2024-09-03 18:16:33'),
(1288,14,14,NULL,1,'O negativo','2024-09-03 18:16:33','2024-09-03 18:16:33'),
(1289,14,15,NULL,1,'1996-12-23','2024-09-03 18:16:33','2024-09-03 18:16:33'),
(1290,14,16,NULL,1,'27','2024-09-03 18:16:33','2024-09-03 18:16:33'),
(1291,14,17,NULL,1,'México','2024-09-03 18:16:33','2024-09-03 18:16:33'),
(1292,14,18,NULL,1,'México','2024-09-03 18:16:33','2024-09-03 18:16:33'),
(1293,14,19,NULL,1,'Zinacantepec','2024-09-03 18:16:33','2024-09-03 18:16:33'),
(1294,14,20,NULL,1,'72944765019','2024-09-03 18:16:33','2024-09-03 18:16:33'),
(1295,14,21,NULL,1,'5019266','2024-09-03 18:16:33','2024-09-03 18:16:33'),
(1296,14,22,NULL,1,'jorgeP@gmail.com','2024-09-03 18:16:33','2024-09-03 18:16:33'),
(1297,14,23,NULL,1,'https://www.facebook.com/jorge','2024-09-03 18:16:33','2024-09-03 18:16:33'),
(1298,14,24,NULL,1,'Hidalgo','2024-09-03 18:16:33','2024-09-03 18:16:33'),
(1299,14,25,NULL,1,'90','2024-09-03 18:16:33','2024-09-03 18:16:33'),
(1300,14,26,NULL,1,'','2024-09-03 18:16:33','2024-09-03 18:16:33'),
(1301,14,27,NULL,1,'Morelos','2024-09-03 18:16:33','2024-09-03 18:16:33'),
(1302,14,28,NULL,1,'Zinacantepec','2024-09-03 18:16:33','2024-09-03 18:16:33'),
(1303,14,29,NULL,1,'San Andres de los Gama','2024-09-03 18:16:33','2024-09-03 18:16:33'),
(1304,14,30,NULL,1,'40140','2024-09-03 18:16:33','2024-09-03 18:16:33'),
(1305,14,31,NULL,1,'Calle pepito y Calle La china','2024-09-03 18:16:33','2024-09-03 18:16:33'),
(1306,15,1,NULL,1,'ian@gmail.com','2024-09-03 18:20:31','2024-09-03 18:20:31'),
(1307,15,2,NULL,1,'1','2024-09-03 18:20:31','2024-09-03 18:20:31'),
(1308,15,3,NULL,1,'Ian','2024-09-03 18:20:31','2024-09-03 18:20:31'),
(1309,15,4,NULL,1,'Gonzales','2024-09-03 18:20:31','2024-09-03 18:20:31'),
(1310,15,5,NULL,1,'Gomez','2024-09-03 18:20:31','2024-09-03 18:20:31'),
(1311,15,6,NULL,1,'LIMK000830HNLPRD00','2024-09-03 18:20:31','2024-09-03 18:20:31'),
(1312,15,7,NULL,1,'LIMK000830PR0','2024-09-03 18:20:31','2024-09-03 18:20:31'),
(1313,15,8,NULL,1,'Masculino','2024-09-03 18:20:31','2024-09-03 18:20:31'),
(1314,15,10,NULL,1,'Casado(a)','2024-09-03 18:20:31','2024-09-03 18:20:31'),
(1315,15,11,NULL,1,'Ninguno','2024-09-03 18:20:31','2024-09-03 18:20:31'),
(1316,15,12,NULL,1,'Mis papás','2024-09-03 18:20:31','2024-09-03 18:20:31'),
(1317,15,13,NULL,1,'Ninguna','2024-09-03 18:20:31','2024-09-03 18:20:31'),
(1318,15,14,NULL,1,'O positivo','2024-09-03 18:20:31','2024-09-03 18:20:31'),
(1319,15,15,NULL,1,'2005-04-02','2024-09-03 18:20:31','2024-09-03 18:20:31'),
(1320,15,16,NULL,1,'19','2024-09-03 18:20:31','2024-09-03 18:20:31'),
(1321,15,17,NULL,1,'México','2024-09-03 18:20:31','2024-09-03 18:20:31'),
(1322,15,18,NULL,1,'México','2024-09-03 18:20:31','2024-09-03 18:20:31'),
(1323,15,19,NULL,1,'Lerma','2024-09-03 18:20:31','2024-09-03 18:20:31'),
(1324,15,20,NULL,1,'7294560083','2024-09-03 18:20:31','2024-09-03 18:20:31'),
(1325,15,21,NULL,1,'7776666','2024-09-03 18:20:31','2024-09-03 18:20:31'),
(1326,15,22,NULL,1,'ianpersonal@gmail.com','2024-09-03 18:20:31','2024-09-03 18:20:31'),
(1327,15,23,NULL,1,'https://www.facebook.com/ian','2024-09-03 18:20:31','2024-09-03 18:20:31'),
(1328,15,24,NULL,1,'Mario Canales','2024-09-03 18:20:31','2024-09-03 18:20:31'),
(1329,15,25,NULL,1,'45','2024-09-03 18:20:31','2024-09-03 18:20:31'),
(1330,15,26,NULL,1,'','2024-09-03 18:20:31','2024-09-03 18:20:31'),
(1331,15,27,NULL,1,'Chuponcito','2024-09-03 18:20:31','2024-09-03 18:20:31'),
(1332,15,28,NULL,1,'Toluca','2024-09-03 18:20:31','2024-09-03 18:20:31'),
(1333,15,29,NULL,1,'Toluca','2024-09-03 18:20:31','2024-09-03 18:20:31'),
(1334,15,30,NULL,1,'30110','2024-09-03 18:20:31','2024-09-03 18:20:31'),
(1335,15,31,NULL,1,'Calle pepito y Calle La china','2024-09-03 18:20:31','2024-09-03 18:20:31'),
(1662,6,1,NULL,1,'fernanda@gmail.com','2024-09-03 18:04:57','2024-09-03 18:04:57'),
(1663,6,2,NULL,1,'2','2024-09-03 18:04:57','2024-09-03 18:04:57'),
(1664,6,3,NULL,1,'Fernanda','2024-09-03 18:04:57','2024-09-03 18:04:57'),
(1665,6,4,NULL,1,'lopez','2024-09-03 18:04:57','2024-09-03 18:04:57'),
(1666,6,5,NULL,1,'miraflor','2024-09-03 18:04:57','2024-09-03 18:04:57'),
(1667,6,6,NULL,1,'RODR851025HDFLRN07','2024-09-03 18:04:57','2024-09-03 18:04:57'),
(1668,6,7,NULL,1,'GAMA850101HM1','2024-09-03 18:04:57','2024-09-03 18:04:57'),
(1669,6,8,NULL,1,'Femenino','2024-09-03 18:04:57','2024-09-03 18:04:57'),
(1670,6,10,NULL,1,'Viudo(a)','2024-09-03 18:04:57','2024-09-03 18:04:57'),
(1671,6,11,NULL,1,'1 hijo(a)','2024-09-03 18:04:57','2024-09-03 18:04:57'),
(1672,6,12,NULL,1,'Si','2024-09-03 18:04:57','2024-09-03 18:04:57'),
(1673,6,13,NULL,1,'Ninguna','2024-09-03 18:04:57','2024-09-03 18:04:57'),
(1674,6,14,NULL,1,'A+','2024-09-03 18:04:57','2024-09-03 18:04:57'),
(1675,6,15,NULL,1,'2024-09-18','2024-09-03 18:04:57','2024-09-03 18:04:57'),
(1676,6,16,NULL,1,'20','2024-09-03 18:04:57','2024-09-03 18:04:57'),
(1677,6,17,NULL,1,'México','2024-09-03 18:04:57','2024-09-03 18:04:57'),
(1678,6,18,NULL,1,'MEXICO','2024-09-03 18:04:57','2024-09-03 18:04:57'),
(1679,6,19,NULL,1,'Naucalpan','2024-09-03 18:04:57','2024-09-03 18:04:57'),
(1680,6,20,NULL,1,'7226395654','2024-09-03 18:04:57','2024-09-03 18:04:57'),
(1681,6,21,NULL,1,'7226395654','2024-09-03 18:04:57','2024-09-03 18:04:57'),
(1682,6,22,NULL,1,'fernanda@gmail.com','2024-09-03 18:04:57','2024-09-03 18:04:57'),
(1683,6,23,NULL,1,'https://facebook.com/','2024-09-03 18:04:57','2024-09-03 18:04:57'),
(1684,6,24,NULL,1,'CARRETERA TOLUCA-NAUCALPAN KM32.8','2024-09-03 18:04:57','2024-09-03 18:04:57'),
(1685,6,25,NULL,1,'S/N','2024-09-03 18:04:57','2024-09-03 18:04:57'),
(1686,6,26,NULL,1,'7','2024-09-03 18:04:57','2024-09-03 18:04:57'),
(1687,6,27,NULL,1,'Conocido','2024-09-03 18:04:57','2024-09-03 18:04:57'),
(1688,6,28,NULL,1,'SAN AGUSTIN','2024-09-03 18:04:57','2024-09-03 18:04:57'),
(1689,6,29,NULL,1,'Lerma','2024-09-03 18:04:57','2024-09-03 18:04:57'),
(1690,6,30,NULL,1,'52050','2024-09-03 18:04:57','2024-09-03 18:04:57'),
(1691,6,31,NULL,1,'gyuikj','2024-09-03 18:04:57','2024-09-03 18:04:57'),
(1692,7,1,NULL,1,'angel@gmail.com','2024-09-03 18:07:01','2024-09-03 18:07:01'),
(1693,7,2,NULL,1,'1','2024-09-03 18:07:01','2024-09-03 18:07:01'),
(1694,7,3,NULL,1,'angel','2024-09-03 18:07:01','2024-09-03 18:07:01'),
(1695,7,4,NULL,1,'santaana','2024-09-03 18:07:01','2024-09-03 18:07:01'),
(1696,7,5,NULL,1,'miraco','2024-09-03 18:07:01','2024-09-03 18:07:01'),
(1697,7,6,NULL,1,'GOME920516MDFVSP03','2024-09-03 18:07:01','2024-09-03 18:07:01'),
(1698,7,7,NULL,1,'LOPG920516UV2','2024-09-03 18:07:01','2024-09-03 18:07:01'),
(1699,7,8,NULL,1,'Masculino','2024-09-03 18:07:01','2024-09-03 18:07:01'),
(1700,7,10,NULL,1,'Viudo(a)','2024-09-03 18:07:01','2024-09-03 18:07:01'),
(1701,7,11,NULL,1,'Más de 2 hijos(as)','2024-09-03 18:07:01','2024-09-03 18:07:01'),
(1702,7,12,NULL,1,'si','2024-09-03 18:07:01','2024-09-03 18:07:01'),
(1703,7,13,NULL,1,'cristiana','2024-09-03 18:07:01','2024-09-03 18:07:01'),
(1704,7,14,NULL,1,'a+','2024-09-03 18:07:01','2024-09-03 18:07:01'),
(1705,7,15,NULL,1,'2024-09-26','2024-09-03 18:07:01','2024-09-03 18:07:01'),
(1706,7,16,NULL,1,'21','2024-09-03 18:07:01','2024-09-03 18:07:01'),
(1707,7,17,NULL,1,'mexico','2024-09-03 18:07:01','2024-09-03 18:07:01'),
(1708,7,18,NULL,1,'baj california','2024-09-03 18:07:01','2024-09-03 18:07:01'),
(1709,7,19,NULL,1,'ensenada','2024-09-03 18:07:01','2024-09-03 18:07:01'),
(1710,7,20,NULL,1,'7226395654','2024-09-03 18:07:01','2024-09-03 18:07:01'),
(1711,7,21,NULL,1,'7882541165','2024-09-03 18:07:01','2024-09-03 18:07:01'),
(1712,7,22,NULL,1,'angel@gmail.com','2024-09-03 18:07:01','2024-09-03 18:07:01'),
(1713,7,23,NULL,1,'https://facebook.com/','2024-09-03 18:07:01','2024-09-03 18:07:01'),
(1714,7,24,NULL,1,'CARRETERA TOLUCA-NAUCALPAN KM32.8','2024-09-03 18:07:01','2024-09-03 18:07:01'),
(1715,7,25,NULL,1,'S/N','2024-09-03 18:07:01','2024-09-03 18:07:01'),
(1716,7,26,NULL,1,'7','2024-09-03 18:07:01','2024-09-03 18:07:01'),
(1717,7,27,NULL,1,'Conocido','2024-09-03 18:07:01','2024-09-03 18:07:01'),
(1718,7,28,NULL,1,'SAN AGUSTIN','2024-09-03 18:07:01','2024-09-03 18:07:01'),
(1719,7,29,NULL,1,'Lerma','2024-09-03 18:07:01','2024-09-03 18:07:01'),
(1720,7,30,NULL,1,'52050','2024-09-03 18:07:01','2024-09-03 18:07:01'),
(1721,7,31,NULL,1,'gyuikj','2024-09-03 18:07:01','2024-09-03 18:07:01'),
(1722,8,1,NULL,1,'aurturo@gmail.com','2024-09-03 18:07:49','2024-09-03 18:07:49'),
(1723,8,2,NULL,1,'1','2024-09-03 18:07:49','2024-09-03 18:07:49'),
(1724,8,3,NULL,1,'arturo','2024-09-03 18:07:49','2024-09-03 18:07:49'),
(1725,8,4,NULL,1,'perez','2024-09-03 18:07:49','2024-09-03 18:07:49'),
(1726,8,5,NULL,1,'miraco','2024-09-03 18:07:49','2024-09-03 18:07:49'),
(1727,8,6,NULL,1,'GOME920516MDFVSP03','2024-09-03 18:07:49','2024-09-03 18:07:49'),
(1728,8,7,NULL,1,'LOPG920516UV2','2024-09-03 18:07:49','2024-09-03 18:07:49'),
(1729,8,8,NULL,1,'Femenino','2024-09-03 18:07:49','2024-09-03 18:07:49'),
(1730,8,10,NULL,1,'Viudo(a)','2024-09-03 18:07:49','2024-09-03 18:07:49'),
(1731,8,11,NULL,1,'Ninguno','2024-09-03 18:07:49','2024-09-03 18:07:49'),
(1732,8,12,NULL,1,'si','2024-09-03 18:07:49','2024-09-03 18:07:49'),
(1733,8,13,NULL,1,'cristiana','2024-09-03 18:07:49','2024-09-03 18:07:49'),
(1734,8,14,NULL,1,'a+','2024-09-03 18:07:49','2024-09-03 18:07:49'),
(1735,8,15,NULL,1,'2024-10-04','2024-09-03 18:07:49','2024-09-03 18:07:49'),
(1736,8,16,NULL,1,'21','2024-09-03 18:07:49','2024-09-03 18:07:49'),
(1737,8,17,NULL,1,'mexico','2024-09-03 18:07:49','2024-09-03 18:07:49'),
(1738,8,18,NULL,1,'baj california','2024-09-03 18:07:49','2024-09-03 18:07:49'),
(1739,8,19,NULL,1,'ensenada','2024-09-03 18:07:49','2024-09-03 18:07:49'),
(1740,8,20,NULL,1,'7226395654','2024-09-03 18:07:49','2024-09-03 18:07:49'),
(1741,8,21,NULL,1,'7882541165','2024-09-03 18:07:49','2024-09-03 18:07:49'),
(1742,8,22,NULL,1,'angel@gmail.com','2024-09-03 18:07:49','2024-09-03 18:07:49'),
(1743,8,23,NULL,1,'https://facebook.com/','2024-09-03 18:07:49','2024-09-03 18:07:49'),
(1744,8,24,NULL,1,'CARRETERA TOLUCA-NAUCALPAN KM32.8','2024-09-03 18:07:49','2024-09-03 18:07:49'),
(1745,8,25,NULL,1,'S/N','2024-09-03 18:07:49','2024-09-03 18:07:49'),
(1746,8,26,NULL,1,'7','2024-09-03 18:07:49','2024-09-03 18:07:49'),
(1747,8,27,NULL,1,'Conocido','2024-09-03 18:07:49','2024-09-03 18:07:49'),
(1748,8,28,NULL,1,'SAN AGUSTIN','2024-09-03 18:07:49','2024-09-03 18:07:49'),
(1749,8,29,NULL,1,'Lerma','2024-09-03 18:07:49','2024-09-03 18:07:49'),
(1750,8,30,NULL,1,'52050','2024-09-03 18:07:49','2024-09-03 18:07:49'),
(1751,8,31,NULL,1,'gyuikj','2024-09-03 18:07:49','2024-09-03 18:07:49'),
(1752,9,1,NULL,1,'rodrigo@gmail.com','2024-09-03 18:09:23','2024-09-03 18:09:23'),
(1753,9,2,NULL,1,'1','2024-09-03 18:09:23','2024-09-03 18:09:23'),
(1754,9,3,NULL,1,'rodrigo','2024-09-03 18:09:23','2024-09-03 18:09:23'),
(1755,9,4,NULL,1,'perez','2024-09-03 18:09:23','2024-09-03 18:09:23'),
(1756,9,5,NULL,1,'pona','2024-09-03 18:09:23','2024-09-03 18:09:23'),
(1757,9,6,NULL,1,'PERE780314HGRTRR08','2024-09-03 18:09:23','2024-09-03 18:09:23'),
(1758,9,7,NULL,1,'HERN780314GR3','2024-09-03 18:09:23','2024-09-03 18:09:23'),
(1759,9,8,NULL,1,'Masculino','2024-09-03 18:09:23','2024-09-03 18:09:23'),
(1760,9,10,NULL,1,'Viudo(a)','2024-09-03 18:09:23','2024-09-03 18:09:23'),
(1761,9,11,NULL,1,'Ninguno','2024-09-03 18:09:23','2024-09-03 18:09:23'),
(1762,9,12,NULL,1,'si','2024-09-03 18:09:23','2024-09-03 18:09:23'),
(1763,9,13,NULL,1,'cristiana','2024-09-03 18:09:24','2024-09-03 18:09:24'),
(1764,9,14,NULL,1,'a+','2024-09-03 18:09:24','2024-09-03 18:09:24'),
(1765,9,15,NULL,1,'2024-09-27','2024-09-03 18:09:24','2024-09-03 18:09:24'),
(1766,9,16,NULL,1,'30','2024-09-03 18:09:24','2024-09-03 18:09:24'),
(1767,9,17,NULL,1,'mexico','2024-09-03 18:09:24','2024-09-03 18:09:24'),
(1768,9,18,NULL,1,'baj california','2024-09-03 18:09:24','2024-09-03 18:09:24'),
(1769,9,19,NULL,1,'ensenada','2024-09-03 18:09:24','2024-09-03 18:09:24'),
(1770,9,20,NULL,1,'7226395654','2024-09-03 18:09:24','2024-09-03 18:09:24'),
(1771,9,21,NULL,1,'7882541165','2024-09-03 18:09:24','2024-09-03 18:09:24'),
(1772,9,22,NULL,1,'rodrigo@gmail.com','2024-09-03 18:09:24','2024-09-03 18:09:24'),
(1773,9,23,NULL,1,'https://facebook.com/','2024-09-03 18:09:24','2024-09-03 18:09:24'),
(1774,9,24,NULL,1,'CARRETERA TOLUCA-NAUCALPAN KM32.8','2024-09-03 18:09:24','2024-09-03 18:09:24'),
(1775,9,25,NULL,1,'S/N','2024-09-03 18:09:24','2024-09-03 18:09:24'),
(1776,9,26,NULL,1,'7','2024-09-03 18:09:24','2024-09-03 18:09:24'),
(1777,9,27,NULL,1,'Conocido','2024-09-03 18:09:24','2024-09-03 18:09:24'),
(1778,9,28,NULL,1,'SAN AGUSTIN','2024-09-03 18:09:24','2024-09-03 18:09:24'),
(1779,9,29,NULL,1,'Lerma','2024-09-03 18:09:24','2024-09-03 18:09:24'),
(1780,9,30,NULL,1,'52058','2024-09-03 18:09:24','2024-09-03 18:09:24'),
(1781,9,31,NULL,1,'gyuikj','2024-09-03 18:09:24','2024-09-03 18:09:24'),
(1782,10,1,NULL,1,'diego@gmail.com','2024-09-03 18:11:25','2024-09-03 18:11:25'),
(1783,10,2,NULL,1,'1','2024-09-03 18:11:25','2024-09-03 18:11:25'),
(1784,10,3,NULL,1,'diego','2024-09-03 18:11:25','2024-09-03 18:11:25'),
(1785,10,4,NULL,1,'ortega','2024-09-03 18:11:25','2024-09-03 18:11:25'),
(1786,10,5,NULL,1,'munoz','2024-09-03 18:11:25','2024-09-03 18:11:25'),
(1787,10,6,NULL,1,'HERN901205MPLSRL00','2024-09-03 18:11:25','2024-09-03 18:11:25'),
(1788,10,7,NULL,1,'JIMA901205MN4','2024-09-03 18:11:25','2024-09-03 18:11:25'),
(1789,10,8,NULL,1,'Masculino','2024-09-03 18:11:25','2024-09-03 18:11:25'),
(1790,10,10,NULL,1,'Viudo(a)','2024-09-03 18:11:25','2024-09-03 18:11:25'),
(1791,10,11,NULL,1,'2 hijos(as)','2024-09-03 18:11:25','2024-09-03 18:11:25'),
(1792,10,12,NULL,1,'no','2024-09-03 18:11:25','2024-09-03 18:11:25'),
(1793,10,13,NULL,1,'budista','2024-09-03 18:11:25','2024-09-03 18:11:25'),
(1794,10,14,NULL,1,'O-','2024-09-03 18:11:25','2024-09-03 18:11:25'),
(1795,10,15,NULL,1,'2024-10-11','2024-09-03 18:11:25','2024-09-03 18:11:25'),
(1796,10,16,NULL,1,'15','2024-09-03 18:11:25','2024-09-03 18:11:25'),
(1797,10,17,NULL,1,'mexico','2024-09-03 18:11:25','2024-09-03 18:11:25'),
(1798,10,18,NULL,1,'chihuahua','2024-09-03 18:11:25','2024-09-03 18:11:25'),
(1799,10,19,NULL,1,'chihuahua','2024-09-03 18:11:25','2024-09-03 18:11:25'),
(1800,10,20,NULL,1,'7226395654','2024-09-03 18:11:26','2024-09-03 18:11:26'),
(1801,10,21,NULL,1,'7882541165','2024-09-03 18:11:26','2024-09-03 18:11:26'),
(1802,10,22,NULL,1,'diego@gmail.com','2024-09-03 18:11:26','2024-09-03 18:11:26'),
(1803,10,23,NULL,1,'https://facebook.com/','2024-09-03 18:11:26','2024-09-03 18:11:26'),
(1804,10,24,NULL,1,'CARRETERA TOLUCA-NAUCALPAN KM32.8','2024-09-03 18:11:26','2024-09-03 18:11:26'),
(1805,10,25,NULL,1,'S/N','2024-09-03 18:11:26','2024-09-03 18:11:26'),
(1806,10,26,NULL,1,'7','2024-09-03 18:11:26','2024-09-03 18:11:26'),
(1807,10,27,NULL,1,'Conocido','2024-09-03 18:11:26','2024-09-03 18:11:26'),
(1808,10,28,NULL,1,'SAN AGUSTIN','2024-09-03 18:11:26','2024-09-03 18:11:26'),
(1809,10,29,NULL,1,'Lerma','2024-09-03 18:11:26','2024-09-03 18:11:26'),
(1810,10,30,NULL,1,'52058','2024-09-03 18:11:26','2024-09-03 18:11:26'),
(1811,10,31,NULL,1,'al lado de la olaza naraja','2024-09-03 18:11:26','2024-09-03 18:11:26');

/*Table structure for table `usuarios` */

DROP TABLE IF EXISTS `usuarios`;

CREATE TABLE `usuarios` (
  `id` bigint(20) unsigned NOT NULL AUTO_INCREMENT,
  `nombre` varchar(50) NOT NULL,
  `apellido_paterno` varchar(50) NOT NULL,
  `apellido_materno` varchar(50) NOT NULL,
  `i_genero` varchar(255) DEFAULT NULL,
  `matricula` int(11) DEFAULT NULL,
  `carrera` int(11) DEFAULT NULL,
  `grupos_v` varchar(255) DEFAULT NULL,
  `email` text NOT NULL,
  `email_verified_at` timestamp NULL DEFAULT NULL,
  `pass` text NOT NULL,
  `remember_token` varchar(100) DEFAULT NULL,
  `rol_id` bigint(20) unsigned NOT NULL,
  `created_at` timestamp NULL DEFAULT NULL,
  `updated_at` timestamp NULL DEFAULT NULL,
  PRIMARY KEY (`id`),
  UNIQUE KEY `users_email_unique` (`email`) USING HASH,
  KEY `users_rol_id_foreign` (`rol_id`),
  CONSTRAINT `users_rol_id_foreign` FOREIGN KEY (`rol_id`) REFERENCES `roles` (`id`)
) ENGINE=InnoDB AUTO_INCREMENT=21 DEFAULT CHARSET=utf8mb4 COLLATE=utf8mb4_general_ci;

/*Data for the table `usuarios` */

insert  into `usuarios`(`id`,`nombre`,`apellido_paterno`,`apellido_materno`,`i_genero`,`matricula`,`carrera`,`grupos_v`,`email`,`email_verified_at`,`pass`,`remember_token`,`rol_id`,`created_at`,`updated_at`) values 
(1,'Director','UTVT','UTVT',NULL,NULL,NULL,NULL,'director@gmail.com',NULL,'$2y$10$aER9aGyQDx3kDNS8I8tUseDYXSRTMB6eiGZ6XwjJH768ur7Uczj2C',NULL,1,NULL,NULL),
(2,'Mike','UTVT','UTVT',NULL,NULL,NULL,NULL,'ptc@gmail.com',NULL,'$2y$10$aER9aGyQDx3kDNS8I8tUseDYXSRTMB6eiGZ6XwjJH768ur7Uczj2C',NULL,2,NULL,NULL),
(3,'Mike','Arriola','Ortega','1',NULL,NULL,NULL,'estudiante@gmail.com',NULL,'$2y$10$aER9aGyQDx3kDNS8I8tUseDYXSRTMB6eiGZ6XwjJH768ur7Uczj2C',NULL,3,NULL,NULL),
(4,'Jimena','Diaz','Diaz',NULL,NULL,NULL,NULL,'psicologia@gmail.com',NULL,'$2y$10$aER9aGyQDx3kDNS8I8tUseDYXSRTMB6eiGZ6XwjJH768ur7Uczj2C',NULL,4,NULL,NULL),
(5,'Eduh','Olvera','Aldama',NULL,NULL,NULL,NULL,'eduholvera@gmail.com',NULL,'$2y$10$aER9aGyQDx3kDNS8I8tUseDYXSRTMB6eiGZ6XwjJH768ur7Uczj2C',NULL,2,NULL,NULL),
(6,'Fernanda','Gomez','Alcantara',NULL,222110811,1,'1','fernanda@gmail.com',NULL,'$2y$10$aER9aGyQDx3kDNS8I8tUseDYXSRTMB6eiGZ6XwjJH768ur7Uczj2C',NULL,3,NULL,NULL),
(7,'Ángel','Camacho','Linares',NULL,222220022,1,'2','angel@gmail.com',NULL,'$2y$10$aER9aGyQDx3kDNS8I8tUseDYXSRTMB6eiGZ6XwjJH768ur7Uczj2C',NULL,3,NULL,NULL),
(8,'Arturo','De Jesús','Gonzales','1',222222222,1,'3','arturo@gmail.com',NULL,'$2y$10$aER9aGyQDx3kDNS8I8tUseDYXSRTMB6eiGZ6XwjJH768ur7Uczj2C',NULL,3,NULL,NULL),
(9,'Rodrigo','Castillo','Ortega','8',112233445,2,'4','rodrigo@gmail.com',NULL,'$2y$10$aER9aGyQDx3kDNS8I8tUseDYXSRTMB6eiGZ6XwjJH768ur7Uczj2C',NULL,3,NULL,NULL),
(10,'Diego','Castañeda','Ramirez','3',9988776,3,'3','diego@gmail.com',NULL,'$2y$10$aER9aGyQDx3kDNS8I8tUseDYXSRTMB6eiGZ6XwjJH768ur7Uczj2C',NULL,3,NULL,NULL),
(11,'Jesús','Buen','Día',NULL,663990893,3,'2','jesus@gmail.com',NULL,'$2y$10$aER9aGyQDx3kDNS8I8tUseDYXSRTMB6eiGZ6XwjJH768ur7Uczj2C',NULL,3,NULL,NULL),
(12,'Emiliano','Bermudez','Olivares','4',98923411,4,'3','emi@gmail.com',NULL,'$2y$10$aER9aGyQDx3kDNS8I8tUseDYXSRTMB6eiGZ6XwjJH768ur7Uczj2C',NULL,3,NULL,NULL),
(13,'Carolina','Garcia','Garcia',NULL,754971370,4,'4','caro@gmail.com',NULL,'$2y$10$aER9aGyQDx3kDNS8I8tUseDYXSRTMB6eiGZ6XwjJH768ur7Uczj2C',NULL,3,NULL,NULL),
(14,'Jorge','Castañeda','Campuzano','2',543794323,5,'3','jorge@gmail.com',NULL,'$2y$10$aER9aGyQDx3kDNS8I8tUseDYXSRTMB6eiGZ6XwjJH768ur7Uczj2C',NULL,3,NULL,NULL),
(15,'Ian','Gonzales','Gomez',NULL,280168753,5,'1','ian@gmail.com',NULL,'$2y$10$aER9aGyQDx3kDNS8I8tUseDYXSRTMB6eiGZ6XwjJH768ur7Uczj2C',NULL,3,NULL,NULL),
(16,'Eduardo','edu','edu',NULL,222010230,6,NULL,'eduard@gmail.com',NULL,'$2y$10$aER9aGyQDx3kDNS8I8tUseDYXSRTMB6eiGZ6XwjJH768ur7Uczj2C',NULL,3,NULL,NULL),
(20,'MIGUEL EMMANUEL','ARRIOLA','ORTEGA',NULL,222010230,0,NULL,'al222010230@gmail.com',NULL,'$2y$10$s8/ywbiHeUYoZWGcv0DbW.s8FLfyIUdux0xOwr8XVwfVnhWmuO.9a',NULL,3,NULL,NULL);

/*!40101 SET SQL_MODE=@OLD_SQL_MODE */;
/*!40014 SET FOREIGN_KEY_CHECKS=@OLD_FOREIGN_KEY_CHECKS */;
/*!40014 SET UNIQUE_CHECKS=@OLD_UNIQUE_CHECKS */;
/*!40111 SET SQL_NOTES=@OLD_SQL_NOTES */;
