/*
SQLyog Community v13.2.0 (64 bit)
MySQL - 10.4.32-MariaDB : Database - encuesta
*********************************************************************
*/

/*!40101 SET NAMES utf8 */;

/*!40101 SET SQL_MODE=''*/;

/*!40014 SET @OLD_UNIQUE_CHECKS=@@UNIQUE_CHECKS, UNIQUE_CHECKS=0 */;
/*!40014 SET @OLD_FOREIGN_KEY_CHECKS=@@FOREIGN_KEY_CHECKS, FOREIGN_KEY_CHECKS=0 */;
/*!40101 SET @OLD_SQL_MODE=@@SQL_MODE, SQL_MODE='NO_AUTO_VALUE_ON_ZERO' */;
/*!40111 SET @OLD_SQL_NOTES=@@SQL_NOTES, SQL_NOTES=0 */;
CREATE DATABASE /*!32312 IF NOT EXISTS*/`encuesta` /*!40100 DEFAULT CHARACTER SET utf8mb4 COLLATE utf8mb4_general_ci */;

USE `encuesta`;

/*Table structure for table `dependencias_preguntas` */

DROP TABLE IF EXISTS `dependencias_preguntas`;

CREATE TABLE `dependencias_preguntas` (
  `id` bigint(20) unsigned NOT NULL AUTO_INCREMENT,
  `pregunta_id` bigint(20) unsigned NOT NULL,
  `depende_de_pregunta_id` bigint(20) unsigned NOT NULL,
  PRIMARY KEY (`id`),
  KEY `fk_dependencia_pregunta` (`pregunta_id`),
  KEY `fk_depende_de_pregunta` (`depende_de_pregunta_id`),
  CONSTRAINT `fk_depende_de_pregunta` FOREIGN KEY (`depende_de_pregunta_id`) REFERENCES `preguntas` (`id`) ON DELETE CASCADE,
  CONSTRAINT `fk_dependencia_pregunta` FOREIGN KEY (`pregunta_id`) REFERENCES `preguntas` (`id`) ON DELETE CASCADE
) ENGINE=InnoDB AUTO_INCREMENT=25 DEFAULT CHARSET=utf8mb4 COLLATE=utf8mb4_general_ci;

/*Data for the table `dependencias_preguntas` */

insert  into `dependencias_preguntas`(`id`,`pregunta_id`,`depende_de_pregunta_id`) values 
(9,51,50),
(10,52,50),
(11,53,50),
(12,54,50),
(13,55,50),
(14,56,50),
(15,75,74),
(16,77,76),
(17,79,78),
(18,81,80),
(19,83,82),
(20,95,94),
(21,96,94),
(22,98,97),
(23,99,97),
(24,100,97);

/*Table structure for table `gruposv` */

DROP TABLE IF EXISTS `gruposv`;

CREATE TABLE `gruposv` (
  `id` int(11) NOT NULL AUTO_INCREMENT,
  `nombregv` text DEFAULT NULL,
  `descripcion` text DEFAULT NULL,
  PRIMARY KEY (`id`)
) ENGINE=InnoDB AUTO_INCREMENT=5 DEFAULT CHARSET=utf8mb4 COLLATE=utf8mb4_general_ci;

/*Data for the table `gruposv` */

insert  into `gruposv`(`id`,`nombregv`,`descripcion`) values 
(1,'Comunidades Indigenas','Estudiantes que pertenecen a pueblos originarios, con identidades culturales y lingüísticas propias.'),
(2,'Factores Economicos','Estudiantes que provienen de hogares con bajos recursos económicos. Estos estudiantes enfrentan barreras significativas, como dificultades para costear la matrícula, materiales, transporte, y gastos de vida.'),
(3,'LGBTQ+','Estudiantes que se identifican con otras identidades de género'),
(4,'Paternales','Estudiantes padres o madres en universidades está compuesto por aquellos que tienen responsabilidades parentales mientras cursan sus estudios.');

/*Table structure for table `i_genero` */

DROP TABLE IF EXISTS `i_genero`;

CREATE TABLE `i_genero` (
  `id` int(11) NOT NULL AUTO_INCREMENT,
  `nombreig` text DEFAULT NULL,
  `descripcion` text DEFAULT NULL,
  PRIMARY KEY (`id`)
) ENGINE=InnoDB AUTO_INCREMENT=9 DEFAULT CHARSET=utf8mb4 COLLATE=utf8mb4_general_ci;

/*Data for the table `i_genero` */

insert  into `i_genero`(`id`,`nombreig`,`descripcion`) values 
(1,'Cisgénero','Cuando la identidad de género coincide con el sexo asignado al nacer.'),
(2,'Transgénero/Transexual','Personas cuya identidad de género difiere del sexo asignado al nacer.'),
(3,'No binario','Aquellas personas que no se identifican exclusivamente como hombre o mujer.'),
(4,'Género fluido','Personas cuya identidad de género puede variar con el tiempo.'),
(5,'Agénero','Persona que no se identifica con ningún género en particular o siente una ausencia de género.'),
(6,'Demigénero','Personas cuya identidad de género está parcialmente, pero no completamente, conectada con un género específico.'),
(7,'Bigénero','Personas que se identifican con dos géneros diferentes, ya sea al mismo tiempo o en momentos distintos. Estos géneros pueden ser cualquier combinación dentro del espectro de género.'),
(8,'Queer','A diferencia de identidades de género más definidas como \"hombre\" o \"mujer\", \"queer\" es un término inclusivo que puede englobar diversas formas de identidad de género y sexualidad.');

/*Table structure for table `links` */

DROP TABLE IF EXISTS `links`;

CREATE TABLE `links` (
  `id` bigint(20) NOT NULL AUTO_INCREMENT,
  `id_usuario` int(11) DEFAULT NULL,
  `token` text DEFAULT NULL,
  `activo` int(11) DEFAULT NULL,
  `created_at` timestamp NULL DEFAULT NULL,
  `updated_at` timestamp NULL DEFAULT NULL,
  PRIMARY KEY (`id`)
) ENGINE=InnoDB AUTO_INCREMENT=3 DEFAULT CHARSET=utf8mb4 COLLATE=utf8mb4_general_ci;

/*Data for the table `links` */

/*Table structure for table `opciones_respuesta` */

DROP TABLE IF EXISTS `opciones_respuesta`;

CREATE TABLE `opciones_respuesta` (
  `id` bigint(20) unsigned NOT NULL AUTO_INCREMENT,
  `pregunta_id` bigint(20) unsigned NOT NULL,
  `seccion_id` bigint(20) unsigned NOT NULL,
  `opcion1` text NOT NULL,
  `opcion2` text DEFAULT NULL,
  `created_at` timestamp NULL DEFAULT NULL,
  `updated_at` timestamp NULL DEFAULT NULL,
  PRIMARY KEY (`id`),
  KEY `opciones_respuesta_pregunta_id_foreign` (`pregunta_id`),
  KEY `opciones_respuesta_seccion_id_foreign` (`seccion_id`),
  CONSTRAINT `opciones_respuesta_pregunta_id_foreign` FOREIGN KEY (`pregunta_id`) REFERENCES `preguntas` (`id`) ON DELETE CASCADE,
  CONSTRAINT `opciones_respuesta_seccion_id_foreign` FOREIGN KEY (`seccion_id`) REFERENCES `secciones` (`id`) ON DELETE CASCADE
) ENGINE=InnoDB AUTO_INCREMENT=347 DEFAULT CHARSET=utf8mb4 COLLATE=utf8mb4_general_ci;

/*Data for the table `opciones_respuesta` */

insert  into `opciones_respuesta`(`id`,`pregunta_id`,`seccion_id`,`opcion1`,`opcion2`,`created_at`,`updated_at`) values 
(1,2,1,'TSU en Tecnologías de la Información, Área de Desarrollo de Software Multiplataforma (DSM)','','2024-06-05 10:28:09','2024-06-05 10:28:09'),
(2,2,1,'TSU en Tecnologías de la Información, Área Infraestructura de Redes Digitales (IRD)','','2024-06-05 10:28:09','2024-06-05 10:28:09'),
(3,8,1,'Femenino','','2024-06-05 10:28:09','2024-06-05 10:28:09'),
(4,8,1,'Masculino','','2024-06-05 10:28:09','2024-06-05 10:28:09'),
(5,10,1,'Soltero(a)','','2024-06-05 10:28:09','2024-06-05 10:28:09'),
(6,10,1,'Divorciado(a)','','2024-06-05 10:28:09','2024-06-05 10:28:09'),
(7,10,1,'Viudo(a)','','2024-06-05 10:28:09','2024-06-05 10:28:09'),
(8,10,1,'Casado(a)','','2024-06-05 10:28:09','2024-06-05 10:28:09'),
(9,10,1,'Unión libre','','2024-06-05 10:28:09','2024-06-05 10:28:09'),
(10,11,1,'Ninguno','','2024-06-05 10:28:09','2024-06-05 10:28:09'),
(11,11,1,'1 hijo(a)','','2024-06-05 10:28:09','2024-06-05 10:28:09'),
(12,11,1,'2 hijos(as)','','2024-06-05 10:28:09','2024-06-05 10:28:09'),
(13,11,1,'Más de 2 hijos(as)','','2024-06-05 10:28:09','2024-06-05 10:28:09'),
(14,12,1,'si','','2024-06-05 10:28:09','2024-06-05 10:28:09'),
(15,12,1,'no','','2024-06-05 10:28:09','2024-06-05 10:28:09'),
(16,35,2,'Padre','','2024-06-05 10:28:09','2024-06-05 10:28:09'),
(17,35,2,'Madre','','2024-06-05 10:28:09','2024-06-05 10:28:09'),
(18,35,2,'Otro:','','2024-06-05 10:28:09','2024-06-05 10:28:09'),
(19,44,3,'Padre:','','2024-06-05 10:28:09','2024-06-05 10:28:09'),
(20,44,3,'Madre:','','2024-06-05 10:28:09','2024-06-05 10:28:09'),
(21,44,3,'Otro:','','2024-06-05 10:28:09','2024-06-05 10:28:09'),
(22,50,4,'Si','','2024-06-05 10:28:09','2024-06-05 10:28:09'),
(23,50,4,'No','','2024-06-05 10:28:09','2024-06-05 10:28:09'),
(25,51,4,'Menos de 10 horas a la semana','','2024-06-05 10:28:09','2024-06-05 10:28:09'),
(26,51,4,'De 10 a 20 horas a la semana','','2024-06-05 10:28:09','2024-06-05 10:28:09'),
(27,51,4,'De 21 a 40 horas a la semana','','2024-06-05 10:28:09','2024-06-05 10:28:09'),
(28,54,4,'Lunes','','2024-06-05 10:28:09','2024-06-05 10:28:09'),
(29,54,4,'Martes','','2024-06-05 10:28:09','2024-06-05 10:28:09'),
(30,54,4,'Miércoles','','2024-06-05 10:28:09','2024-06-05 10:28:09'),
(31,54,4,'Jueves','','2024-06-05 10:28:09','2024-06-05 10:28:09'),
(32,54,4,'Viernes','','2024-06-05 10:28:09','2024-06-05 10:28:09'),
(33,54,4,'Sábado','','2024-06-05 10:28:09','2024-06-05 10:28:09'),
(34,54,4,'Domingo','','2024-06-05 10:28:09','2024-06-05 10:28:09'),
(35,57,4,'Padres (padre o madre o ambos)','','2024-06-05 10:28:09','2024-06-05 10:28:09'),
(36,57,4,'Familiares (tíos, abuelos o hermanos)','','2024-06-05 10:28:09','2024-06-05 10:28:09'),
(37,57,4,'Soy independiente económicamente','','2024-06-05 10:28:09','2024-06-05 10:28:09'),
(38,57,4,'Pensión (renta cerca de la UTVT)','','2024-06-05 10:28:09','2024-06-05 10:28:09'),
(39,58,4,'Padre ','Si','2024-06-05 10:28:09','2024-06-05 10:28:09'),
(40,58,4,'Padre ','No','2024-06-05 10:28:09','2024-06-05 10:28:09'),
(41,58,4,'Madre ','Si','2024-06-05 10:28:09','2024-06-05 10:28:09'),
(42,58,4,'Madre ','No','2024-06-05 10:28:09','2024-06-05 10:28:09'),
(43,58,4,'1 a 2 hermanos ','Si','2024-06-05 10:28:09','2024-06-05 10:28:09'),
(44,58,4,'1 a 2 hermanos ','No','2024-06-05 10:28:09','2024-06-05 10:28:09'),
(45,58,4,'Más de 2 hermanos ','Si','2024-06-05 10:28:09','2024-06-05 10:28:09'),
(46,58,4,'Más de 2 hermanos ','No','2024-06-05 10:28:09','2024-06-05 10:28:09'),
(47,58,4,'Abuelos paternos ','Si','2024-06-05 10:28:09','2024-06-05 10:28:09'),
(48,58,4,'Abuelos paternos ','No','2024-06-05 10:28:09','2024-06-05 10:28:09'),
(49,58,4,'Abuelos maternos ','Si','2024-06-05 10:28:09','2024-06-05 10:28:09'),
(50,58,4,'Abuelos maternos ','No','2024-06-05 10:28:09','2024-06-05 10:28:09'),
(51,58,4,'Parientes ','Si','2024-06-05 10:28:09','2024-06-05 10:28:09'),
(52,58,4,'Parientes ','No','2024-06-05 10:28:09','2024-06-05 10:28:09'),
(53,58,4,'Pareja sentimental ','Si','2024-06-05 10:28:09','2024-06-05 10:28:09'),
(54,58,4,'Pareja sentimental ','No','2024-06-05 10:28:09','2024-06-05 10:28:09'),
(55,58,4,'Otro: ','Si','2024-06-05 10:28:09','2024-06-05 10:28:09'),
(56,58,4,'Otro: ','No','2024-06-05 10:28:09','2024-06-05 10:28:09'),
(57,59,4,'Padre ','Si','2024-06-05 10:28:09','2024-06-05 10:28:09'),
(58,59,4,'Padre ','No','2024-06-05 10:28:09','2024-06-05 10:28:09'),
(59,59,4,'Madre ','Si','2024-06-05 10:28:09','2024-06-05 10:28:09'),
(60,59,4,'Madre ','No','2024-06-05 10:28:09','2024-06-05 10:28:09'),
(61,59,4,'Hermanos ','No','2024-06-05 10:28:09','2024-06-05 10:28:09'),
(62,59,4,'Hermanos ','Si','2024-06-05 10:28:09','2024-06-05 10:28:09'),
(63,59,4,'Abuelos maternos ','Si','2024-06-05 10:28:09','2024-06-05 10:28:09'),
(64,59,4,'Abuelos maternos ','No','2024-06-05 10:28:09','2024-06-05 10:28:09'),
(65,59,4,'Abuelos paternos ','Si','2024-06-05 10:28:09','2024-06-05 10:28:09'),
(66,59,4,'Abuelos paternos ','No','2024-06-05 10:28:09','2024-06-05 10:28:09'),
(67,59,4,'Parientes ','Si','2024-06-05 10:28:09','2024-06-05 10:28:09'),
(68,59,4,'Parientes ','No','2024-06-05 10:28:09','2024-06-05 10:28:09'),
(69,59,4,'Pareja sentimental ','Si','2024-06-05 10:28:09','2024-06-05 10:28:09'),
(70,59,4,'Pareja sentimental ','No','2024-06-05 10:28:09','2024-06-05 10:28:09'),
(71,61,4,'Padre','1 a 5 años','2024-06-05 10:28:09','2024-06-05 10:28:09'),
(72,61,4,'Madre ','1 a 5 años','2024-06-05 10:28:09','2024-06-05 10:28:09'),
(73,61,4,'Hermano 1 ','1 a 5 años','2024-06-05 10:28:09','2024-06-05 10:28:09'),
(74,61,4,'Hermano 2 ','1 a 5 años','2024-06-05 10:28:09','2024-06-05 10:28:09'),
(75,61,4,'Hermano 3 ','1 a 5 años','2024-06-05 10:28:09','2024-06-05 10:28:09'),
(76,61,4,'Hermano 4 ','1 a 5 años','2024-06-05 10:28:09','2024-06-05 10:28:09'),
(77,61,4,'Padre','6 a 10 años','2024-06-05 10:28:09','2024-06-05 10:28:09'),
(78,61,4,'Madre ','6 a 10 años','2024-06-05 10:28:09','2024-06-05 10:28:09'),
(79,61,4,'Hermano 1 ','6 a 10 años','2024-06-05 10:28:09','2024-06-05 10:28:09'),
(80,61,4,'Hermano 2 ','6 a 10 años','2024-06-05 10:28:09','2024-06-05 10:28:09'),
(81,61,4,'Hermano 3 ','6 a 10 años','2024-06-05 10:28:09','2024-06-05 10:28:09'),
(82,61,4,'Hermano 4 ','6 a 10 años','2024-06-05 10:28:09','2024-06-05 10:28:09'),
(83,61,4,'Padre','11 a 15 años','2024-06-05 10:28:09','2024-06-05 10:28:09'),
(84,61,4,'Madre ','11 a 15 años','2024-06-05 10:28:09','2024-06-05 10:28:09'),
(85,61,4,'Hermano 1 ','11 a 15 años','2024-06-05 10:28:09','2024-06-05 10:28:09'),
(86,61,4,'Hermano 2 ','11 a 15 años','2024-06-05 10:28:09','2024-06-05 10:28:09'),
(87,61,4,'Hermano 3 ','11 a 15 años','2024-06-05 10:28:09','2024-06-05 10:28:09'),
(88,61,4,'Hermano 4 ','11 a 15 años','2024-06-05 10:28:09','2024-06-05 10:28:09'),
(89,61,4,'Padre','15 a 20 años','2024-06-05 10:28:09','2024-06-05 10:28:09'),
(90,61,4,'Madre ','15 a 20 años','2024-06-05 10:28:09','2024-06-05 10:28:09'),
(91,61,4,'Hermano 1 ','15 a 20 años','2024-06-05 10:28:09','2024-06-05 10:28:09'),
(92,61,4,'Hermano 2 ','15 a 20 años','2024-06-05 10:28:09','2024-06-05 10:28:09'),
(93,61,4,'Hermano 3 ','15 a 20 años','2024-06-05 10:28:09','2024-06-05 10:28:09'),
(94,61,4,'Hermano 4 ','15 a 20 años','2024-06-05 10:28:09','2024-06-05 10:28:09'),
(95,61,4,'Padre','15 a 20 años','2024-06-05 10:28:09','2024-06-05 10:28:09'),
(96,61,4,'Madre ','15 a 20 años','2024-06-05 10:28:09','2024-06-05 10:28:09'),
(97,61,4,'Hermano 1 ','15 a 20 años','2024-06-05 10:28:09','2024-06-05 10:28:09'),
(98,61,4,'Hermano 2 ','15 a 20 años','2024-06-05 10:28:09','2024-06-05 10:28:09'),
(99,61,4,'Hermano 3 ','15 a 20 años','2024-06-05 10:28:09','2024-06-05 10:28:09'),
(100,61,4,'Hermano 4 ','15 a 20 años','2024-06-05 10:28:09','2024-06-05 10:28:09'),
(101,61,4,'Padre','21 a 30 años','2024-06-05 10:28:09','2024-06-05 10:28:09'),
(102,61,4,'Madre ','21 a 30 años','2024-06-05 10:28:09','2024-06-05 10:28:09'),
(103,61,4,'Hermano 1 ','21 a 30 años','2024-06-05 10:28:09','2024-06-05 10:28:09'),
(104,61,4,'Hermano 2 ','21 a 30 años','2024-06-05 10:28:09','2024-06-05 10:28:09'),
(105,61,4,'Hermano 3 ','21 a 30 años','2024-06-05 10:28:09','2024-06-05 10:28:09'),
(106,61,4,'Hermano 4 ','21 a 30 años','2024-06-05 10:28:09','2024-06-05 10:28:09'),
(107,61,4,'Padre','31 a 40 años','2024-06-05 10:28:09','2024-06-05 10:28:09'),
(108,61,4,'Madre ','31 a 40 años','2024-06-05 10:28:09','2024-06-05 10:28:09'),
(109,61,4,'Hermano 1 ','31 a 40 años','2024-06-05 10:28:09','2024-06-05 10:28:09'),
(110,61,4,'Hermano 2 ','31 a 40 años','2024-06-05 10:28:09','2024-06-05 10:28:09'),
(111,61,4,'Hermano 3 ','31 a 40 años','2024-06-05 10:28:09','2024-06-05 10:28:09'),
(112,61,4,'Hermano 4 ','31 a 40 años','2024-06-05 10:28:09','2024-06-05 10:28:09'),
(113,61,4,'Padre','41 a 50 años','2024-06-05 10:28:09','2024-06-05 10:28:09'),
(114,61,4,'Madre ','41 a 50 años','2024-06-05 10:28:09','2024-06-05 10:28:09'),
(115,61,4,'Hermano 1 ','41 a 50 años','2024-06-05 10:28:09','2024-06-05 10:28:09'),
(116,61,4,'Hermano 2 ','41 a 50 años','2024-06-05 10:28:09','2024-06-05 10:28:09'),
(117,61,4,'Hermano 3 ','41 a 50 años','2024-06-05 10:28:09','2024-06-05 10:28:09'),
(118,61,4,'Hermano 4 ','41 a 50 años','2024-06-05 10:28:09','2024-06-05 10:28:09'),
(119,61,4,'Padre','50 a 60 años','2024-06-05 10:28:09','2024-06-05 10:28:09'),
(120,61,4,'Madre ','50 a 60 años','2024-06-05 10:28:09','2024-06-05 10:28:09'),
(121,61,4,'Hermano 1 ','50 a 60 años','2024-06-05 10:28:09','2024-06-05 10:28:09'),
(122,61,4,'Hermano 2 ','50 a 60 años','2024-06-05 10:28:09','2024-06-05 10:28:09'),
(123,61,4,'Hermano 3 ','50 a 60 años','2024-06-05 10:28:09','2024-06-05 10:28:09'),
(124,61,4,'Hermano 4 ','50 a 60 años','2024-06-05 10:28:09','2024-06-05 10:28:09'),
(125,61,4,'Padre','más de 60 años','2024-06-05 10:28:09','2024-06-05 10:28:09'),
(126,61,4,'Madre ','más de 60 años','2024-06-05 10:28:09','2024-06-05 10:28:09'),
(127,61,4,'Hermano 1 ','más de 60 años','2024-06-05 10:28:09','2024-06-05 10:28:09'),
(128,61,4,'Hermano 2 ','más de 60 años','2024-06-05 10:28:09','2024-06-05 10:28:09'),
(129,61,4,'Hermano 3 ','más de 60 años','2024-06-05 10:28:09','2024-06-05 10:28:09'),
(130,61,4,'Hermano 4 ','más de 60 años','2024-06-05 10:28:09','2024-06-05 10:28:09'),
(131,63,4,'Casa de tus padres (propia)','','2024-06-05 10:28:09','2024-06-05 10:28:09'),
(132,63,4,'Casa de tus padres (rentada)','','2024-06-05 10:28:09','2024-06-05 10:28:09'),
(133,63,4,'Casa de tus padres (prestada)','','2024-06-05 10:28:09','2024-06-05 10:28:09'),
(134,63,4,'Departamento cerca de la Universidad','','2024-06-05 10:28:09','2024-06-05 10:28:09'),
(135,65,4,'Drenaje','','2024-06-05 10:28:09','2024-06-05 10:28:09'),
(136,65,4,'Agua Potable','','2024-06-05 10:28:09','2024-06-05 10:28:09'),
(137,65,4,'Luz','','2024-06-05 10:28:09','2024-06-05 10:28:09'),
(138,65,4,'Estufa de gas','','2024-06-05 10:28:09','2024-06-05 10:28:09'),
(139,65,4,'Teléfono fijo','','2024-06-05 10:28:09','2024-06-05 10:28:09'),
(140,65,4,'Auto propio de la familia','','2024-06-05 10:28:09','2024-06-05 10:28:09'),
(141,65,4,'Televisión por cable','','2024-06-05 10:28:09','2024-06-05 10:28:09'),
(142,65,4,'Internet','','2024-06-05 10:28:09','2024-06-05 10:28:09'),
(143,66,4,'Autobús','','2024-06-05 10:28:09','2024-06-05 10:28:09'),
(144,66,4,'Taxi particular','','2024-06-05 10:28:09','2024-06-05 10:28:09'),
(145,66,4,'Taxi colectivo','','2024-06-05 10:28:09','2024-06-05 10:28:09'),
(146,66,4,'Motocicleta','','2024-06-05 10:28:09','2024-06-05 10:28:09'),
(147,66,4,'Auto propio','','2024-06-05 10:28:09','2024-06-05 10:28:09'),
(148,66,4,'Auto de la familia','','2024-06-05 10:28:09','2024-06-05 10:28:09'),
(149,66,4,'Ninguno','','2024-06-05 10:28:09','2024-06-05 10:28:09'),
(150,67,4,'Menos de 30 minutos','','2024-06-05 10:28:09','2024-06-05 10:28:09'),
(151,67,4,'De 30 a 60 minutos','','2024-06-05 10:28:09','2024-06-05 10:28:09'),
(152,67,4,'De 60 a 90 minutos','','2024-06-05 10:28:09','2024-06-05 10:28:09'),
(153,67,4,'De 90 a 120 minutos','','2024-06-05 10:28:09','2024-06-05 10:28:09'),
(154,67,4,'Más de 120 minutos','','2024-06-05 10:28:09','2024-06-05 10:28:09'),
(155,68,4,'Actualmente vive con usted','Si','2024-06-05 10:28:09','2024-06-05 10:28:09'),
(156,68,4,'Recibe apoyo económico','Si','2024-06-05 10:28:09','2024-06-05 10:28:09'),
(157,68,4,'Falleció','Si','2024-06-05 10:28:09','2024-06-05 10:28:09'),
(158,68,4,'Actualmente mantengo una buena relación con mi padre','Si','2024-06-05 10:28:09','2024-06-05 10:28:09'),
(159,68,4,'Actualmente vive con usted','No','2024-06-05 10:28:09','2024-06-05 10:28:09'),
(160,68,4,'Recibe apoyo económico','No','2024-06-05 10:28:09','2024-06-05 10:28:09'),
(161,68,4,'Falleció','No','2024-06-05 10:28:09','2024-06-05 10:28:09'),
(162,68,4,'Actualmente mantengo una buena relación con mi padre','No','2024-06-05 10:28:09','2024-06-05 10:28:09'),
(163,69,4,'Actualmente vive con usted','Si','2024-06-05 10:28:09','2024-06-05 10:28:09'),
(164,69,4,'Recibe apoyo económico','Si','2024-06-05 10:28:09','2024-06-05 10:28:09'),
(165,69,4,'Falleció','Si','2024-06-05 10:28:09','2024-06-05 10:28:09'),
(166,69,4,'Actualmente mantengo una buena relación con mi padre','Si','2024-06-05 10:28:09','2024-06-05 10:28:09'),
(167,69,4,'Actualmente vive con usted','No','2024-06-05 10:28:09','2024-06-05 10:28:09'),
(168,69,4,'Recibe apoyo económico','No','2024-06-05 10:28:09','2024-06-05 10:28:09'),
(169,69,4,'Falleció','No','2024-06-05 10:28:09','2024-06-05 10:28:09'),
(170,69,4,'Actualmente mantengo una buena relación con mi padre','No','2024-06-05 10:28:09','2024-06-05 10:28:09'),
(171,70,4,'Si','','2024-06-05 10:28:09','2024-06-05 10:28:09'),
(172,70,4,'No','','2024-06-05 10:28:09','2024-06-05 10:28:09'),
(173,71,4,'si','','2024-06-05 10:28:09','2024-06-05 10:28:09'),
(174,71,4,'no','','2024-06-05 10:28:09','2024-06-05 10:28:09'),
(175,72,4,'si','','2024-06-05 10:28:09','2024-06-05 10:28:09'),
(176,72,4,'no','','2024-06-05 10:28:09','2024-06-05 10:28:09'),
(177,73,5,'Usas lentes','','2024-06-05 10:28:09','2024-06-05 10:28:09'),
(178,73,5,'Tienes alguna deficiencia auditiva','','2024-06-05 10:28:09','2024-06-05 10:28:09'),
(179,73,5,'Problemas de movilidad motriz','','2024-06-05 10:28:09','2024-06-05 10:28:09'),
(180,73,5,'Ninguna de las anteriores','','2024-06-05 10:28:09','2024-06-05 10:28:09'),
(181,73,5,'Otro:','','2024-06-05 10:28:09','2024-06-05 10:28:09'),
(182,74,5,'Si','','2024-06-05 10:28:09','2024-06-05 10:28:09'),
(183,74,5,'No','','2024-06-05 10:28:09','2024-06-05 10:28:09'),
(184,76,5,'Si','','2024-06-05 10:28:09','2024-06-05 10:28:09'),
(185,76,5,'No','','2024-06-05 10:28:09','2024-06-05 10:28:09'),
(186,78,5,'Si','','2024-06-05 10:28:09','2024-06-05 10:28:09'),
(187,78,5,'No','','2024-06-05 10:28:09','2024-06-05 10:28:09'),
(188,80,5,'Si','','2024-06-05 10:28:09','2024-06-05 10:28:09'),
(189,80,5,'No','','2024-06-05 10:28:09','2024-06-05 10:28:09'),
(190,82,5,'Si','','2024-06-05 10:28:09','2024-06-05 10:28:09'),
(191,82,5,'No','','2024-06-05 10:28:09','2024-06-05 10:28:09'),
(192,84,6,'Tipo de Institución','Pública','2024-06-05 10:28:09','2024-06-05 10:28:09'),
(193,84,6,'Tipo de Institución','Privada','2024-06-05 10:28:09','2024-06-05 10:28:09'),
(194,85,6,'Modalidad','Escolarizada','2024-06-05 10:28:09','2024-06-05 10:28:09'),
(195,85,6,'Modalidad','Abierta','2024-06-05 10:28:09','2024-06-05 10:28:09'),
(196,90,6,'Sin estudio','Completa','2024-06-05 10:28:09','2024-06-05 10:28:09'),
(197,90,6,'Primaria','Completa','2024-06-05 10:28:09','2024-06-05 10:28:09'),
(198,90,6,'Secundaria','Completa','2024-06-05 10:28:09','2024-06-05 10:28:09'),
(199,90,6,'Bachillerato','Completa','2024-06-05 10:28:09','2024-06-05 10:28:09'),
(200,90,6,'Estudios técnicos','Completa','2024-06-05 10:28:09','2024-06-05 10:28:09'),
(201,90,6,'Licenciatura','Completa','2024-06-05 10:28:09','2024-06-05 10:28:09'),
(202,90,6,'Postgrado','Completa','2024-06-05 10:28:09','2024-06-05 10:28:09'),
(203,90,6,'Sin estudio','Incompleta','2024-06-05 10:28:09','2024-06-05 10:28:09'),
(204,90,6,'Primaria','Incompleta','2024-06-05 10:28:09','2024-06-05 10:28:09'),
(205,90,6,'Secundaria','Incompleta','2024-06-05 10:28:09','2024-06-05 10:28:09'),
(206,90,6,'Bachillerato','Incompleta','2024-06-05 10:28:09','2024-06-05 10:28:09'),
(207,90,6,'Estudios técnicos','Incompleta','2024-06-05 10:28:09','2024-06-05 10:28:09'),
(208,90,6,'Licenciatura','Incompleta','2024-06-05 10:28:09','2024-06-05 10:28:09'),
(209,90,6,'Postgrado','Incompleta','2024-06-05 10:28:09','2024-06-05 10:28:09'),
(210,90,6,'Sin estudio','No aplica','2024-06-05 10:28:09','2024-06-05 10:28:09'),
(211,90,6,'Primaria','No aplica','2024-06-05 10:28:09','2024-06-05 10:28:09'),
(212,90,6,'Secundaria','No aplica','2024-06-05 10:28:09','2024-06-05 10:28:09'),
(213,90,6,'Bachillerato','No aplica','2024-06-05 10:28:09','2024-06-05 10:28:09'),
(214,90,6,'Estudios técnicos','No aplica','2024-06-05 10:28:09','2024-06-05 10:28:09'),
(215,90,6,'Licenciatura','No aplica','2024-06-05 10:28:09','2024-06-05 10:28:09'),
(216,90,6,'Postgrado','No aplica','2024-06-05 10:28:09','2024-06-05 10:28:09'),
(217,91,6,'Sin estudio','Completa','2024-06-05 10:28:09','2024-06-05 10:28:09'),
(218,91,6,'Primaria','Completa','2024-06-05 10:28:09','2024-06-05 10:28:09'),
(219,91,6,'Secundaria','Completa','2024-06-05 10:28:09','2024-06-05 10:28:09'),
(220,91,6,'Bachillerato','Completa','2024-06-05 10:28:09','2024-06-05 10:28:09'),
(221,91,6,'Estudios técnicos','Completa','2024-06-05 10:28:09','2024-06-05 10:28:09'),
(222,91,6,'Licenciatura','Completa','2024-06-05 10:28:09','2024-06-05 10:28:09'),
(223,91,6,'Postgrado','Completa','2024-06-05 10:28:09','2024-06-05 10:28:09'),
(224,91,6,'Sin estudio','Incompleta','2024-06-05 10:28:09','2024-06-05 10:28:09'),
(225,91,6,'Primaria','Incompleta','2024-06-05 10:28:09','2024-06-05 10:28:09'),
(226,91,6,'Secundaria','Incompleta','2024-06-05 10:28:09','2024-06-05 10:28:09'),
(227,91,6,'Bachillerato','Incompleta','2024-06-05 10:28:09','2024-06-05 10:28:09'),
(228,91,6,'Estudios técnicos','Incompleta','2024-06-05 10:28:09','2024-06-05 10:28:09'),
(229,91,6,'Licenciatura','Incompleta','2024-06-05 10:28:09','2024-06-05 10:28:09'),
(230,91,6,'Postgrado','Incompleta','2024-06-05 10:28:09','2024-06-05 10:28:09'),
(231,91,6,'Sin estudio','No aplica','2024-06-05 10:28:09','2024-06-05 10:28:09'),
(232,91,6,'Primaria','No aplica','2024-06-05 10:28:09','2024-06-05 10:28:09'),
(233,91,6,'Secundaria','No aplica','2024-06-05 10:28:09','2024-06-05 10:28:09'),
(234,91,6,'Bachillerato','No aplica','2024-06-05 10:28:09','2024-06-05 10:28:09'),
(235,91,6,'Estudios técnicos','No aplica','2024-06-05 10:28:09','2024-06-05 10:28:09'),
(236,91,6,'Licenciatura','No aplica','2024-06-05 10:28:09','2024-06-05 10:28:09'),
(237,91,6,'Postgrado','No aplica','2024-06-05 10:28:09','2024-06-05 10:28:09'),
(238,92,6,'Si','','2024-06-05 10:28:09','2024-06-05 10:28:09'),
(239,92,6,'No','','2024-06-05 10:28:09','2024-06-05 10:28:09'),
(240,93,6,'Orientación vocacional en Bachillerato','','2024-06-05 10:28:09','2024-06-05 10:28:09'),
(241,93,6,'Conversación con amigos','','2024-06-05 10:28:09','2024-06-05 10:28:09'),
(242,93,6,'Conversación con mis padres o tutores','','2024-06-05 10:28:09','2024-06-05 10:28:09'),
(243,93,6,'Conversación con otros familiares','','2024-06-05 10:28:09','2024-06-05 10:28:09'),
(244,93,6,'Conversación con mis maestros de bachillerato','','2024-06-05 10:28:09','2024-06-05 10:28:09'),
(245,93,6,'Información del Programa obtenido por la Institución','','2024-06-05 10:28:09','2024-06-05 10:28:09'),
(246,93,6,'Oportunidades de empleo futuro','','2024-06-05 10:28:09','2024-06-05 10:28:09'),
(247,93,6,'Por vocación','','2024-06-05 10:28:09','2024-06-05 10:28:09'),
(248,93,6,'Por gusto personal','','2024-06-05 10:28:09','2024-06-05 10:28:09'),
(249,94,6,'Si','','2024-06-05 10:28:09','2024-06-05 10:28:09'),
(250,94,6,'No','','2024-06-05 10:28:09','2024-06-05 10:28:09'),
(251,97,6,'Si','','2024-06-05 10:28:09','2024-06-05 10:28:09'),
(252,97,6,'No','','2024-06-05 10:28:09','2024-06-05 10:28:09'),
(253,98,6,'Si','','2024-06-05 10:28:09','2024-06-05 10:28:09'),
(254,98,6,'No','','2024-06-05 10:28:09','2024-06-05 10:28:09'),
(255,100,6,'Desde un principio lo planeé','','2024-06-05 10:28:09','2024-06-05 10:28:09'),
(256,100,6,'Me di cuenta que no correspondía con mi vocación','','2024-06-05 10:28:09','2024-06-05 10:28:09'),
(257,100,6,'No me gustó el ambiente','','2024-06-05 10:28:09','2024-06-05 10:28:09'),
(258,100,6,'Por mejores perspectivas futuras de empleo','','2024-06-05 10:28:09','2024-06-05 10:28:09'),
(259,100,6,'Por mal desempeño','','2024-06-05 10:28:09','2024-06-05 10:28:09'),
(260,100,6,'Otro:','','2024-06-05 10:28:09','2024-06-05 10:28:09'),
(261,101,7,'La bibliografía del programa','Nunca','2024-06-05 10:28:09','2024-06-05 10:28:09'),
(262,101,7,'Bibliografía que busco por mi cuenta','Nunca','2024-06-05 10:28:09','2024-06-05 10:28:09'),
(263,101,7,'Revistas especializadas','Nunca','2024-06-05 10:28:09','2024-06-05 10:28:09'),
(264,101,7,'Enciclopedias','Nunca','2024-06-05 10:28:09','2024-06-05 10:28:09'),
(265,101,7,'Diccionarios','Nunca','2024-06-05 10:28:09','2024-06-05 10:28:09'),
(266,101,7,'Libros de texto','Nunca','2024-06-05 10:28:09','2024-06-05 10:28:09'),
(267,101,7,'Páginas web','Nunca','2024-06-05 10:28:09','2024-06-05 10:28:09'),
(268,101,7,'La bibliografía del programa','Casi nunca','2024-06-05 10:28:09','2024-06-05 10:28:09'),
(269,101,7,'Bibliografía que busco por mi cuenta','Casi nunca','2024-06-05 10:28:09','2024-06-05 10:28:09'),
(270,101,7,'Revistas especializadas','Casi nunca','2024-06-05 10:28:09','2024-06-05 10:28:09'),
(271,101,7,'Enciclopedias','Casi nunca','2024-06-05 10:28:09','2024-06-05 10:28:09'),
(272,101,7,'Diccionarios','Casi nunca','2024-06-05 10:28:09','2024-06-05 10:28:09'),
(273,101,7,'Libros de texto','Casi nunca','2024-06-05 10:28:09','2024-06-05 10:28:09'),
(274,101,7,'Páginas web','Casi nunca','2024-06-05 10:28:09','2024-06-05 10:28:09'),
(275,101,7,'La bibliografía del programa','Casi siempre','2024-06-05 10:28:09','2024-06-05 10:28:09'),
(276,101,7,'Bibliografía que busco por mi cuenta','Casi siempre','2024-06-05 10:28:09','2024-06-05 10:28:09'),
(277,101,7,'Revistas especializadas','Casi siempre','2024-06-05 10:28:09','2024-06-05 10:28:09'),
(278,101,7,'Enciclopedias','Casi siempre','2024-06-05 10:28:09','2024-06-05 10:28:09'),
(279,101,7,'Diccionarios','Casi siempre','2024-06-05 10:28:09','2024-06-05 10:28:09'),
(280,101,7,'Libros de texto','Casi siempre','2024-06-05 10:28:09','2024-06-05 10:28:09'),
(281,101,7,'Páginas web','Casi siempre','2024-06-05 10:28:09','2024-06-05 10:28:09'),
(282,101,7,'La bibliografía del programa','Siempre','2024-06-05 10:28:09','2024-06-05 10:28:09'),
(283,101,7,'Bibliografía que busco por mi cuenta','Siempre','2024-06-05 10:28:09','2024-06-05 10:28:09'),
(284,101,7,'Revistas especializadas','Siempre','2024-06-05 10:28:09','2024-06-05 10:28:09'),
(285,101,7,'Enciclopedias','Siempre','2024-06-05 10:28:09','2024-06-05 10:28:09'),
(286,101,7,'Diccionarios','Siempre','2024-06-05 10:28:09','2024-06-05 10:28:09'),
(287,101,7,'Libros de texto','Siempre','2024-06-05 10:28:09','2024-06-05 10:28:09'),
(288,101,7,'Páginas web','Siempre','2024-06-05 10:28:09','2024-06-05 10:28:09'),
(289,102,7,'Menos de 1 hora','','2024-06-05 10:28:09','2024-06-05 10:28:09'),
(290,102,7,'De 1 a 5 hrs','','2024-06-05 10:28:09','2024-06-05 10:28:09'),
(291,102,7,'De 6 a 10 hrs','','2024-06-05 10:28:09','2024-06-05 10:28:09'),
(292,102,7,'De 11 a 15 hrs','','2024-06-05 10:28:09','2024-06-05 10:28:09'),
(293,102,7,'De 16 a 20 hrs','','2024-06-05 10:28:09','2024-06-05 10:28:09'),
(294,102,7,'Más de 20 hrs','','2024-06-05 10:28:09','2024-06-05 10:28:09'),
(295,103,7,'Solo','Nunca','2024-06-05 10:28:09','2024-06-05 10:28:09'),
(296,103,7,'En grupo','Nunca','2024-06-05 10:28:09','2024-06-05 10:28:09'),
(297,103,7,'Solo','Casi nunca','2024-06-05 10:28:09','2024-06-05 10:28:09'),
(298,103,7,'En grupo','Casi nunca','2024-06-05 10:28:09','2024-06-05 10:28:09'),
(299,103,7,'Solo','Casi siempre','2024-06-05 10:28:09','2024-06-05 10:28:09'),
(300,103,7,'En grupo','Casi siempre','2024-06-05 10:28:09','2024-06-05 10:28:09'),
(301,103,7,'Solo','Siempre','2024-06-05 10:28:09','2024-06-05 10:28:09'),
(302,103,7,'En grupo','Siempre','2024-06-05 10:28:09','2024-06-05 10:28:09'),
(303,104,8,'En una institucion educativa','','2024-06-05 10:28:09','2024-06-05 10:28:09'),
(304,104,8,'En el sector publico','','2024-06-05 10:28:09','2024-06-05 10:28:09'),
(305,104,8,'En una empresa privada','','2024-06-05 10:28:09','2024-06-05 10:28:09'),
(306,104,8,'En el negocio de mi familia','','2024-06-05 10:28:09','2024-06-05 10:28:09'),
(307,104,8,'Poner un negocio propio','','2024-06-05 10:28:09','2024-06-05 10:28:09'),
(308,104,8,'Ejercicio libre de la profesion','','2024-06-05 10:28:09','2024-06-05 10:28:09'),
(309,105,8,'Altas','','2024-06-05 10:28:09','2024-06-05 10:28:09'),
(310,105,8,'Medias','','2024-06-05 10:28:09','2024-06-05 10:28:09'),
(311,105,8,'Bajas','','2024-06-05 10:28:09','2024-06-05 10:28:09'),
(312,105,8,'Nulas','','2024-06-05 10:28:09','2024-06-05 10:28:09'),
(313,106,8,'Considerablemente mejor','En terminos economicos','2024-06-05 10:28:09','2024-06-05 10:28:09'),
(314,106,8,'Mejor','En terminos economicos','2024-06-05 10:28:09','2024-06-05 10:28:09'),
(315,106,8,'Similar','En terminos economicos','2024-06-05 10:28:09','2024-06-05 10:28:09'),
(316,106,8,'Inferior','En terminos economicos','2024-06-05 10:28:09','2024-06-05 10:28:09'),
(317,106,8,'Considerablemente mejor','En cuanto al prestigio social','2024-06-05 10:28:09','2024-06-05 10:28:09'),
(318,106,8,'Mejor','En cuanto al prestigio social','2024-06-05 10:28:09','2024-06-05 10:28:09'),
(319,106,8,'Similar','En cuanto al prestigio social','2024-06-05 10:28:09','2024-06-05 10:28:09'),
(320,106,8,'Inferior','En cuanto al prestigio social','2024-06-05 10:28:09','2024-06-05 10:28:09'),
(321,107,8,'si','','2024-06-05 10:28:09','2024-06-05 10:28:09'),
(322,107,8,'no','','2024-06-05 10:28:09','2024-06-05 10:28:09'),
(324,14,1,'A+',NULL,'2024-06-05 16:28:09','2024-06-05 16:28:09'),
(325,14,1,'A-',NULL,'2024-06-05 16:28:09','2024-06-05 16:28:09'),
(326,14,1,'B+',NULL,'2024-06-05 16:28:09','2024-06-05 16:28:09'),
(327,14,1,'B-',NULL,'2024-06-05 16:28:09','2024-06-05 16:28:09'),
(328,14,1,'AB+',NULL,'2024-06-05 16:28:09','2024-06-05 16:28:09'),
(329,14,1,'AB-',NULL,'2024-06-05 16:28:09','2024-06-05 16:28:09'),
(330,14,1,'O+',NULL,'2024-06-05 16:28:09','2024-06-05 16:28:09'),
(331,14,1,'O-',NULL,'2024-06-05 16:28:09','2024-06-05 16:28:09'),
(332,8,1,'Otro:',NULL,'2024-10-01 08:49:01','2024-09-13 08:49:09'),
(333,63,4,'Otro:',NULL,NULL,NULL),
(334,9,1,'Masculino','','2024-09-17 12:00:00','2024-09-17 12:00:00'),
(335,9,1,'Femenino','','2024-09-17 12:00:00','2024-09-17 12:00:00'),
(336,9,1,'No binario','','2024-09-17 12:00:00','2024-09-17 12:00:00'),
(337,9,1,'Género Fluido','','2024-09-17 12:00:00','2024-09-17 12:00:00'),
(338,9,1,'Agénero','','2024-09-17 12:00:00','2024-09-17 12:00:00'),
(339,9,1,'Bigénero','','2024-09-17 12:00:00','2024-09-17 12:00:00'),
(340,9,1,'Pangénero','','2024-09-17 12:00:00','2024-09-17 12:00:00'),
(341,9,1,'Demiboy','','2024-09-17 12:00:00','2024-09-17 12:00:00'),
(342,9,1,'Demigirl','','2024-09-17 12:00:00','2024-09-17 12:00:00'),
(343,9,1,'Intersex','','2024-09-17 12:00:00','2024-09-17 12:00:00'),
(344,9,1,'Género no conforme','','2024-09-17 12:00:00','2024-09-17 12:00:00'),
(345,17,1,'México',NULL,NULL,NULL),
(346,17,1,'Otro:',NULL,NULL,NULL);

/*Table structure for table `preguntas` */

DROP TABLE IF EXISTS `preguntas`;

CREATE TABLE `preguntas` (
  `id` bigint(20) unsigned NOT NULL AUTO_INCREMENT,
  `pregunta` text NOT NULL,
  `depende_p` text DEFAULT NULL,
  `tipo` varchar(255) NOT NULL,
  `seccion_id` varchar(255) NOT NULL,
  `activo` tinyint(1) NOT NULL,
  `ayuda` varchar(255) DEFAULT NULL,
  `created_at` timestamp NULL DEFAULT NULL,
  `updated_at` timestamp NULL DEFAULT NULL,
  PRIMARY KEY (`id`)
) ENGINE=InnoDB AUTO_INCREMENT=10000 DEFAULT CHARSET=utf8mb4 COLLATE=utf8mb4_general_ci;

/*Data for the table `preguntas` */

insert  into `preguntas`(`id`,`pregunta`,`depende_p`,`tipo`,`seccion_id`,`activo`,`ayuda`,`created_at`,`updated_at`) values 
(1,'Correo',NULL,'texto','1',1,NULL,'2024-06-05 16:28:09','2024-06-05 16:28:09'),
(2,'Programa Educativo',NULL,'select','1',1,NULL,'2024-06-05 16:28:09','2024-06-05 16:28:09'),
(3,'Nombre',NULL,'texto','1',1,NULL,'2024-06-05 16:28:09','2024-06-05 16:28:09'),
(4,'Apellido Paterno',NULL,'texto','1',1,NULL,'2024-06-05 16:28:09','2024-06-05 16:28:09'),
(5,'Apellido Materno',NULL,'texto','1',1,NULL,'2024-06-05 16:28:09','2024-06-05 16:28:09'),
(6,'CURP',NULL,'curp','1',1,'Deben de ser exactamente 18 caracteres \nEjemplo: RACW050729MMCSHNA2','2024-06-05 16:28:09','2024-06-05 16:28:09'),
(7,'RFC',NULL,'rfc','1',1,'Deben de ser 13 caracteres ejemplo VECJ880326','2024-06-05 16:28:09','2024-06-05 16:28:09'),
(8,'Sexo',NULL,'opcion','1',1,NULL,'2024-06-05 16:28:09','2024-06-05 16:28:09'),
(9,'¿Cuál es tu género?',NULL,'opcion','1',1,'Selecciona tu género','2024-09-17 08:27:25','2024-09-17 08:27:25'),
(10,'Estado Civil',NULL,'opcion','1',1,NULL,'2024-06-05 16:28:09','2024-06-05 16:28:09'),
(11,'Número de Hijos',NULL,'opcion','1',1,NULL,'2024-06-05 16:28:09','2024-06-05 16:28:09'),
(12,'¿Económicamente, alguien depende de ti?',NULL,'opcion','1',1,'En caso de seleccionar si, especifica (hij@,padre,madre,espos@ y/o concubin@,etc).','2024-06-05 16:28:09','2024-06-05 16:28:09'),
(13,'Religión',NULL,'texto','1',1,NULL,'2024-06-05 16:28:09','2024-06-05 16:28:09'),
(14,'Grupo Sanguíneo',NULL,'select','1',1,NULL,'2024-06-05 16:28:09','2024-06-05 16:28:09'),
(15,'Fecha de Nacimiento',NULL,'fecha','1',1,NULL,'2024-06-05 16:28:09','2024-06-05 16:28:09'),
(16,'Edad',NULL,'texto','1',1,NULL,'2024-06-05 16:28:09','2024-06-05 16:28:09'),
(17,'País de Nacimiento',NULL,'opcion','1',1,NULL,'2024-06-05 16:28:09','2024-06-05 16:28:09'),
(18,'Estado de Nacimiento',NULL,'texto','1',1,NULL,'2024-06-05 16:28:09','2024-06-05 16:28:09'),
(19,'Municipio de Nacimiento',NULL,'texto','1',1,NULL,'2024-06-05 16:28:09','2024-06-05 16:28:09'),
(20,'Teléfono Celular',NULL,'numero','1',1,'Deben ser 10 digitos','2024-06-05 16:28:09','2024-06-05 16:28:09'),
(21,'Teléfono Casa',NULL,'numero','1',1,'Deben ser 10 digitos','2024-06-05 16:28:09','2024-06-05 16:28:09'),
(22,'Correo Electrónico Personal',NULL,'correo','1',1,NULL,'2024-06-05 16:28:09','2024-06-05 16:28:09'),
(23,'Redes Sociales',NULL,'r_social','1',1,'Red Social que mas utilice.        Ejemplo: https://www.facebook.com/...','2024-06-05 16:28:09','2024-06-05 16:28:09'),
(24,'Calle',NULL,'texto','1',1,NULL,'2024-06-05 16:28:09','2024-06-05 16:28:09'),
(25,'No. Exterior',NULL,'texto','1',1,NULL,'2024-06-05 16:28:09','2024-06-05 16:28:09'),
(26,'No. Interior',NULL,'texto','1',1,NULL,'2024-06-05 16:28:09','2024-06-05 16:28:09'),
(27,'Colonia',NULL,'texto','1',1,NULL,'2024-06-05 16:28:09','2024-06-05 16:28:09'),
(28,'Localidad',NULL,'texto','1',1,NULL,'2024-06-05 16:28:09','2024-06-05 16:28:09'),
(29,'Municipio',NULL,'texto','1',1,NULL,'2024-06-05 16:28:09','2024-06-05 16:28:09'),
(30,'CP',NULL,'c_postal','1',1,'Código postal\nEjemplo: 09010','2024-06-05 16:28:09','2024-06-05 16:28:09'),
(31,'Menciona 2 referencias cerca de su domicilio',NULL,'texto_a','1',1,'Debe de ser muy específico colocando ambas referencias\nEjemplo: Enfrente de la tienda “La paz”','2024-06-05 16:28:09','2024-06-05 16:28:09'),
(32,'Nombre',NULL,'texto','2',1,NULL,'2024-06-05 16:28:09','2024-06-05 16:28:09'),
(33,'Apellido Paterno',NULL,'texto','2',1,NULL,'2024-06-05 16:28:09','2024-06-05 16:28:09'),
(34,'Apellido Materno',NULL,'texto','2',1,NULL,'2024-06-05 16:28:09','2024-06-05 16:28:09'),
(35,'Parentesco',NULL,'opcion','2',1,NULL,'2024-06-05 16:28:09','2024-06-05 16:28:09'),
(36,'Correo Electrónico',NULL,'correo','2',1,NULL,'2024-06-05 16:28:09','2024-06-05 16:28:09'),
(37,'Teléfono Celular',NULL,'numero','2',1,'Deben ser 10 digitos','2024-06-05 16:28:09','2024-06-05 16:28:09'),
(38,'Teléfono de Casa',NULL,'numero','2',1,'Deben ser 10 digitos','2024-06-05 16:28:09','2024-06-05 16:28:09'),
(39,'Domicilio Completo',NULL,'texto_a','2',1,'Calle, número ,código postal, colonia, localidad, municipio','2024-06-05 16:28:09','2024-06-05 16:28:09'),
(40,'Menciona dos referencias cerca de su domicilio',NULL,'texto_a','2',1,'Debe de ser muy específico colocando ambas referencias\nEjemplo: Enfrente de la tienda “La paz”','2024-06-05 16:28:09','2024-06-05 16:28:09'),
(41,'Nombre',NULL,'texto','3',1,NULL,'2024-06-05 16:28:09','2024-06-05 16:28:09'),
(42,'Apellido Paterno',NULL,'texto','3',1,NULL,'2024-06-05 16:28:09','2024-06-05 16:28:09'),
(43,'Apellido Materno',NULL,'texto','3',1,NULL,'2024-06-05 16:28:09','2024-06-05 16:28:09'),
(44,'Parentesco',NULL,'opcion','3',1,NULL,'2024-06-05 16:28:09','2024-06-05 16:28:09'),
(45,'Correo Electrónico',NULL,'correo','3',1,NULL,'2024-06-05 16:28:09','2024-06-05 16:28:09'),
(46,'Teléfono Celular',NULL,'numero','3',1,'Deben ser 10 digitos','2024-06-05 16:28:09','2024-06-05 16:28:09'),
(47,'Teléfono de Casa',NULL,'numero','3',1,'Deben ser 10 digitos','2024-06-05 16:28:09','2024-06-05 16:28:09'),
(48,'Domicilio',NULL,'texto_a','3',1,'Calle, número ,código postal, colonia, localidad, municipio','2024-06-05 16:28:09','2024-06-05 16:28:09'),
(49,'Menciona 2 referencias cerca de su domicilio',NULL,'texto_a','3',1,'Debe de ser muy específico colocando ambas referencias\nEjemplo: Enfrente de la tienda “La paz”','2024-06-05 16:28:09','2024-06-05 16:28:09'),
(50,'¿Trabajas?',NULL,'opcion','4',1,NULL,'2024-06-05 16:28:09','2024-06-05 16:28:09'),
(51,'¿Cuántas horas trabajas a la semana?','49','opcion','4',1,NULL,'2024-06-05 16:28:09','2024-06-05 16:28:09'),
(52,'¿Nombre del lugar de trabajo?','49\r\n','texto','4',1,NULL,'2024-06-05 16:28:09','2024-06-05 16:28:09'),
(53,'¿Dirección del lugar de trabajo?','49','texto','4',1,NULL,'2024-06-05 16:28:09','2024-06-05 16:28:09'),
(54,'¿Días de trabajo?','49','multi','4',1,NULL,'2024-06-05 16:28:09','2024-06-05 16:28:09'),
(55,'¿Horarios de trabajo?','49','texto','4',1,'Introduce los horarios separados por comas y usa el formato de 24 horas.     Ejemplo: Lunes 08:00 - 16:00, Martes 11:00 -  20:00, etc.','2024-06-05 16:28:09','2024-06-05 16:28:09'),
(56,'¿Ingreso mensual?','49','texto','4',1,'Cuanto ganas mensualmente.','2024-06-05 16:28:09','2024-06-05 16:28:09'),
(57,'¿De quién dependes económicamente?',NULL,'opcion','4',1,NULL,'2024-06-05 16:28:09','2024-06-05 16:28:09'),
(58,'¿Con quién vives actualmente?',NULL,'multi','4',1,NULL,'2024-06-05 16:28:09','2024-06-05 16:28:09'),
(59,'¿Quién aporta al gasto familiar?',NULL,'multi','4',1,NULL,'2024-06-05 16:28:09','2024-06-05 16:28:09'),
(60,'¿Ingreso mensual total de todos los integrantes de la familia?',NULL,'numero','4',1,'Suma total de los ingresos de todos los integrantes','2024-06-05 16:28:09','2024-06-05 16:28:09'),
(61,'¿Edad de los integrantes de la familia?',NULL,'multi','4',1,NULL,'2024-06-05 16:28:09','2024-06-05 16:28:09'),
(62,'Ocupación de quien aporta la mayor parte del gasto familiar',NULL,'texto','4',1,NULL,'2024-06-05 16:28:09','2024-06-05 16:28:09'),
(63,'¿Cuál es tu lugar de residencia mientras estudias la carrera?',NULL,'opcion','4',1,NULL,'2024-06-05 16:28:09','2024-06-05 16:28:09'),
(64,'Tiempo de residencia en el domicilio',NULL,'texto','4',1,'2 años, 5 años, 10 años, etc.','2024-06-05 16:28:09','2024-06-05 16:28:09'),
(65,' ¿Qué servicios están disponibles en la casa donde vives?',NULL,'multi','4',1,NULL,'2024-06-05 16:28:09','2024-06-05 16:28:09'),
(66,'¿Cuál es el medio de transporte que utilizas regularmente para trasladarte a la escuela?',NULL,'multi','4',1,NULL,'2024-06-05 16:28:09','2024-06-05 16:28:09'),
(67,'¿Cuánto tiempo haces diariamente para trasladarte de tu lugar de residencia a la escuela?',NULL,'opcion','4',1,NULL,'2024-06-05 16:28:09','2024-06-05 16:28:09'),
(68,'Análisis relación Padre',NULL,'multi','4',1,NULL,'2024-06-05 16:28:09','2024-06-05 16:28:09'),
(69,'Análisis relación Madre',NULL,'multi','4',1,NULL,'2024-06-05 16:28:09','2024-06-05 16:28:09'),
(70,'¿Tus papás o tus abuelos son indígenas?',NULL,'opcion','4',1,NULL,'2024-06-05 16:28:09','2024-06-05 16:28:09'),
(71,'¿Tus papás o tus abuelos entienden o hablan alguna lengua indígena?',NULL,'opcion','4',1,NULL,'2024-06-05 16:28:09','2024-06-05 16:28:09'),
(72,'¿Tú hablas o entiendes alguna lengua indígena?',NULL,'opcion','4',1,NULL,'2024-06-05 16:28:09','2024-06-05 16:28:09'),
(73,'Indica si presentas alguna de las siguientes condiciones',NULL,'multi','5',1,NULL,'2024-06-05 16:28:09','2024-06-05 16:28:09'),
(74,'¿Tienes algún padecimiento crónico?',NULL,'opcion','5',1,NULL,'2024-06-05 16:28:09','2024-06-05 16:28:09'),
(75,'Nombre del padecimiento crónico','73','texto','5',1,NULL,'2024-06-05 16:28:09','2024-06-05 16:28:09'),
(76,'¿Tienes alguna alergia?',NULL,'opcion','5',1,NULL,'2024-06-05 16:28:09','2024-06-05 16:28:09'),
(77,'Nombre de la alergia','75','texto','5',1,NULL,'2024-06-05 16:28:09','2024-06-05 16:28:09'),
(78,'¿Tomas algún medicamento periódicamente?',NULL,'opcion','5',1,NULL,'2024-06-05 16:28:09','2024-06-05 16:28:09'),
(79,'Nombre del medicamento','77','texto','5',1,NULL,'2024-06-05 16:28:09','2024-06-05 16:28:09'),
(80,'¿Has recibido atención psicológica o psiquiátrica?',NULL,'opcion','5',1,NULL,'2024-06-05 16:28:09','2024-06-05 16:28:09'),
(81,'Motivo de la atención psicológica o psiquiátrica','79','texto','5',1,NULL,'2024-06-05 16:28:09','2024-06-05 16:28:09'),
(82,'¿Ha estado alguna vez hospitalizado(a)?',NULL,'opcion','5',1,NULL,'2024-06-05 16:28:09','2024-06-05 16:28:09'),
(83,'Especifica el motivo de la hospitalización','81','texto_a','5',1,NULL,'2024-06-05 16:28:09','2024-06-05 16:28:09'),
(84,'¿En qué tipo de escuela realizaste tus estudios previos a la educación superior?',NULL,'opcion','6',1,NULL,'2024-06-05 16:28:09','2024-06-05 16:28:09'),
(85,'¿Cuál fue el tipo de modalidad educativa en la que completaste tus estudios previos a la educación superior?',NULL,'opcion','6',1,'Escolarizada: Educación tradicional con clases en un aula física.\nEducación Abierta/No Escolarizada: Incluye educación en línea, a distancia, o programas flexibles sin clases presenciales regulares.','2024-06-05 16:28:09','2024-06-05 16:28:09'),
(86,'Nombre de la institución de nivel medio superior',NULL,'texto','6',1,NULL,'2024-06-05 16:28:09','2024-06-05 16:28:09'),
(87,'Especialidad que cursó en el nivel medio superior',NULL,'texto','6',1,NULL,'2024-06-05 16:28:09','2024-06-05 16:28:09'),
(88,'Municipio donde se ubica la institución de nivel medio superior',NULL,'texto','6',1,NULL,'2024-06-05 16:28:09','2024-06-05 16:28:09'),
(89,'Estado donde se ubica la institución de nivel medio superior',NULL,'texto','6',1,NULL,'2024-06-05 16:28:09','2024-06-05 16:28:09'),
(90,'¿Cuál fue la escolaridad máxima alcanzada por tu madre?',NULL,'opcion','6',1,NULL,'2024-06-05 16:28:09','2024-06-05 16:28:09'),
(91,'¿Cuál fue la escolaridad máxima alcanzada por tu padre?',NULL,'multi','6',1,NULL,'2024-06-05 16:28:09','2024-06-05 16:28:09'),
(92,'¿Tienes hermanos que estén cursando una carrera de licenciatura?',NULL,'opcion','6',1,NULL,'2024-06-05 16:28:09','2024-06-05 16:28:09'),
(93,'En el proceso para que decidieras cursar tu carrera, ¿qué factores fueron de mayor importancia?',NULL,'multi','6',1,NULL,'2024-06-05 16:28:09','2024-06-05 16:28:09'),
(94,'¿Cursas alguna otra carrera actualmente?',NULL,'opcion','6',1,NULL,'2024-06-05 16:28:09','2024-06-05 16:28:09'),
(95,'Nombre de la otra carrera que cursas actualmente','93','texto','6',1,NULL,'2024-06-05 16:28:09','2024-06-05 16:28:09'),
(96,'Nombre de la institución de la otra carrera que cursas actualmente','93','texto','6',1,NULL,'2024-06-05 16:28:09','2024-06-05 16:28:09'),
(97,'¿Cursaste otra carrera antes de entrar a la UTVT?',NULL,'opcion','6',1,NULL,'2024-06-05 16:28:09','2024-06-05 16:28:09'),
(98,'¿La carrera que cursaste anteriormente es la misma con la que iniciaste tus estudios?','96','opcion','6',1,NULL,'2024-06-05 16:28:09','2024-06-05 16:28:09'),
(99,'Nombre de la institución de la carrera que cursaste antes de entrar a la UTVT','96','texto','6',1,NULL,'2024-06-05 16:28:09','2024-06-05 16:28:09'),
(100,'¿A qué factores se debió tu cambio de carrera?','96','multi','6',1,NULL,'2024-06-05 16:28:09','2024-06-05 16:28:09'),
(101,'¿Qué tipo de lecturas acostumbras a utilizar al cursar tus estudios?',NULL,'multi','7',1,NULL,'2024-06-05 16:28:09','2024-06-05 16:28:09'),
(102,'En promedio, ¿cuántas horas dedicas a la semana a la preparación de tus trabajos? (Lectura de comprensión y preparación de trabajos y tareas)',NULL,'opcion','7',1,NULL,'2024-06-05 16:28:09','2024-06-05 16:28:09'),
(103,'¿Cuáles son las formas de estudio y/o realización de trabajos escolares que empleas regularmente?',NULL,'multi','7',1,NULL,'2024-06-05 16:28:09','2024-06-05 16:28:09'),
(104,'De acuerdo con la carrera que cursas actualmente, ¿en qué espacio laboral pretenderías preferentemente desarrollar tu actividad profesional?',NULL,'opcion','8',1,NULL,'2024-06-05 16:28:09','2024-06-05 16:28:09'),
(105,'Una vez concluidos tus estudios, ¿cómo consideras tus posibilidades de encontrar trabajo relacionado con tu profesión?',NULL,'opcion','8',1,NULL,'2024-06-05 16:28:09','2024-06-05 16:28:09'),
(106,'En comparación con la ocupación de tu padre o de la persona que ocupa el lugar de jefe de familia, ¿cómo percibes el desarrollo de tu vida profesional una vez que concluyas tus estudios de licenciatura?',NULL,'multi','8',1,NULL,'2024-06-05 16:28:09','2024-06-05 16:28:09'),
(107,'¿Dentro de tus planes futuros piensas realizar estudios de posgrado después de concluir tu carrera?',NULL,'opcion','8',1,NULL,'2024-06-05 16:28:09','2024-06-05 16:28:09');

/*Table structure for table `programa_edu` */

DROP TABLE IF EXISTS `programa_edu`;

CREATE TABLE `programa_edu` (
  `id` bigint(20) unsigned NOT NULL AUTO_INCREMENT,
  `grado` varchar(20) DEFAULT NULL,
  `nombre` text DEFAULT NULL,
  `clave` varchar(10) DEFAULT NULL,
  `created_at` timestamp NULL DEFAULT NULL,
  `updated_at` timestamp NULL DEFAULT NULL,
  PRIMARY KEY (`id`)
) ENGINE=InnoDB AUTO_INCREMENT=21 DEFAULT CHARSET=utf8mb4 COLLATE=utf8mb4_general_ci;

/*Data for the table `programa_edu` */

insert  into `programa_edu`(`id`,`grado`,`nombre`,`clave`,`created_at`,`updated_at`) values 
(1,'TSU','TSU en TI, área Desarrollo de Software Multiplataforma','DSM',NULL,NULL),
(2,'TSU','Infraestructura de Redes Digitales','IRD',NULL,NULL),
(3,'TSU','Mantenimiento Industrial','MI',NULL,NULL),
(4,'TSU','Sistemas de Manufactura Flexible','SMF',NULL,NULL),
(5,'TSU','Procesos Productivos','PP',NULL,NULL),
(6,'TSU','Gestión Ambiental','GA',NULL,NULL),
(7,'TSU','Paramédico','Paramédico',NULL,NULL),
(8,'TSU','Ventas','Ventas',NULL,NULL),
(9,'TSU','Mercadotecnia','Mercadotec',NULL,NULL),
(10,'TSU','Biotecnología','Biotecnolo',NULL,NULL),
(11,'TSU','Tecnología de Alimentos','TA',NULL,NULL),
(12,'Ingeniería','Diseño y Gestión de Software','IDGS',NULL,NULL),
(13,'Ingeniería','Mantenimiento Industrial','MI',NULL,NULL),
(14,'Ingeniería','Mecatrónica','Mecatrónic',NULL,NULL),
(15,'Ingeniería','Industrial','Industrial',NULL,NULL),
(16,'Ingeniería','Biotecnología','Biotecnolo',NULL,NULL),
(17,'Ingeniería','Alimentos','Alimentos',NULL,NULL),
(18,'Licenciatura','Protección Civil y Emergencias','IPCE',NULL,NULL),
(19,'Licenciatura','Negocios y Mercadotecnia','INM',NULL,NULL),
(20,'Licenciatura','Enfermería','LE',NULL,NULL);

/*Table structure for table `respuestas` */

DROP TABLE IF EXISTS `respuestas`;

CREATE TABLE `respuestas` (
  `id` bigint(20) unsigned NOT NULL AUTO_INCREMENT,
  `respuesta` text NOT NULL,
  `pregunta_id` bigint(20) unsigned NOT NULL,
  `created_at` timestamp NULL DEFAULT NULL,
  `updated_at` timestamp NULL DEFAULT NULL,
  PRIMARY KEY (`id`),
  KEY `respuesta_fk_pregunta_foreign` (`pregunta_id`),
  CONSTRAINT `respuesta_fk_pregunta_foreign` FOREIGN KEY (`pregunta_id`) REFERENCES `preguntas` (`id`)
) ENGINE=InnoDB DEFAULT CHARSET=utf8mb4 COLLATE=utf8mb4_general_ci;

/*Data for the table `respuestas` */

/*Table structure for table `roles` */

DROP TABLE IF EXISTS `roles`;

CREATE TABLE `roles` (
  `id` bigint(20) unsigned NOT NULL AUTO_INCREMENT,
  `nombre` varchar(255) NOT NULL,
  `descripcion` varchar(255) NOT NULL,
  `created_at` timestamp NULL DEFAULT NULL,
  `updated_at` timestamp NULL DEFAULT NULL,
  PRIMARY KEY (`id`)
) ENGINE=InnoDB AUTO_INCREMENT=5 DEFAULT CHARSET=utf8mb4 COLLATE=utf8mb4_general_ci;

/*Data for the table `roles` */

insert  into `roles`(`id`,`nombre`,`descripcion`,`created_at`,`updated_at`) values 
(1,'Director de Carrera','Hola',NULL,NULL),
(2,'PTC/Tutor','Hola',NULL,NULL),
(3,'Estudiante','Hola',NULL,NULL),
(4,'Psicología','Hola',NULL,NULL);

/*Table structure for table `secciones` */

DROP TABLE IF EXISTS `secciones`;

CREATE TABLE `secciones` (
  `id` bigint(20) unsigned NOT NULL AUTO_INCREMENT,
  `nombre` varchar(255) NOT NULL,
  `descripcion` text DEFAULT NULL,
  `created_at` timestamp NULL DEFAULT NULL,
  `updated_at` timestamp NULL DEFAULT NULL,
  PRIMARY KEY (`id`)
) ENGINE=InnoDB AUTO_INCREMENT=9 DEFAULT CHARSET=utf8mb4 COLLATE=utf8mb4_general_ci;

/*Data for the table `secciones` */

insert  into `secciones`(`id`,`nombre`,`descripcion`,`created_at`,`updated_at`) values 
(1,'general','Datos Generales',NULL,NULL),
(2,'emergencia','Datos de Contacto de Emergencia',NULL,NULL),
(3,'emergencia2','Datos de Contacto de Emergencia (2)',NULL,NULL),
(4,'socioeconomico','Aspectos Socioeconómicos',NULL,NULL),
(5,'salud','Condiciones de Salud',NULL,NULL),
(6,'escolar','Análisis Académico',NULL,NULL),
(7,'habitos','Hábitos de Estudio y Prácticas Escolares',NULL,NULL),
(8,'expectativas','Expectativas Educativas y Ocupacionales',NULL,NULL);

/*Table structure for table `usuario_respuesta` */

DROP TABLE IF EXISTS `usuario_respuesta`;

CREATE TABLE `usuario_respuesta` (
  `id` bigint(200) unsigned NOT NULL AUTO_INCREMENT,
  `usuario_id` bigint(200) unsigned NOT NULL,
  `pregunta_id` bigint(200) unsigned NOT NULL,
  `opcion_id` bigint(200) unsigned DEFAULT NULL,
  `seccion_id` bigint(200) unsigned DEFAULT NULL,
  `respuesta_texto` text DEFAULT NULL,
  `created_at` timestamp NULL DEFAULT NULL,
  `updated_at` timestamp NULL DEFAULT NULL,
  PRIMARY KEY (`id`),
  KEY `usuario_respuesta_usuario_id_foreign` (`usuario_id`),
  KEY `usuario_respuesta_pregunta_id_foreign` (`pregunta_id`),
  KEY `usuario_respuesta_opcion_id_foreign` (`opcion_id`),
  KEY `usuario_respuesta_seccion_id_foreign` (`seccion_id`),
  CONSTRAINT `usuario_respuesta_opcion_id_foreign` FOREIGN KEY (`opcion_id`) REFERENCES `opciones_respuesta` (`id`),
  CONSTRAINT `usuario_respuesta_pregunta_id_foreign` FOREIGN KEY (`pregunta_id`) REFERENCES `preguntas` (`id`),
  CONSTRAINT `usuario_respuesta_seccion_id_foreign` FOREIGN KEY (`seccion_id`) REFERENCES `secciones` (`id`),
  CONSTRAINT `usuario_respuesta_usuario_id_foreign` FOREIGN KEY (`usuario_id`) REFERENCES `usuarios` (`id`)
) ENGINE=InnoDB AUTO_INCREMENT=2249 DEFAULT CHARSET=utf8mb4 COLLATE=utf8mb4_general_ci;

/*Data for the table `usuario_respuesta` */

insert  into `usuario_respuesta`(`id`,`usuario_id`,`pregunta_id`,`opcion_id`,`seccion_id`,`respuesta_texto`,`created_at`,`updated_at`) values 
(1186,11,1,NULL,1,'fernanda@gmail.com','2024-09-03 17:59:03','2024-09-03 17:59:03'),
(1187,11,2,NULL,1,'2','2024-09-03 17:59:03','2024-09-03 17:59:03'),
(1188,11,3,NULL,1,'Fernanda','2024-09-03 17:59:03','2024-09-03 17:59:03'),
(1189,11,4,NULL,1,'Gomez','2024-09-03 17:59:03','2024-09-03 17:59:03'),
(1190,11,5,NULL,1,'Alcantara','2024-09-03 17:59:03','2024-09-03 17:59:03'),
(1191,11,6,NULL,1,'GAFH080903MMCNRSA9','2024-09-03 17:59:03','2024-09-03 17:59:03'),
(1192,11,7,NULL,1,'AIOM0206058V0','2024-09-03 17:59:03','2024-09-03 17:59:03'),
(1193,11,8,NULL,1,'Femenino','2024-09-03 17:59:03','2024-09-03 17:59:03'),
(1194,11,10,NULL,1,'Soltero(a)','2024-09-03 17:59:03','2024-09-03 17:59:03'),
(1195,11,11,NULL,1,'Ninguno','2024-09-03 17:59:03','2024-09-03 17:59:03'),
(1196,11,12,NULL,1,'No','2024-09-03 17:59:03','2024-09-03 17:59:03'),
(1197,11,13,NULL,1,'Catolico','2024-09-03 17:59:03','2024-09-03 17:59:03'),
(1198,11,14,NULL,1,'O positivo','2024-09-03 17:59:03','2024-09-03 17:59:03'),
(1199,11,15,NULL,1,'2024-09-02','2024-09-03 17:59:03','2024-09-03 17:59:03'),
(1200,11,16,NULL,1,'21','2024-09-03 17:59:03','2024-09-03 17:59:03'),
(1201,11,17,NULL,1,'México','2024-09-03 17:59:03','2024-09-03 17:59:03'),
(1202,11,18,NULL,1,'México','2024-09-03 17:59:03','2024-09-03 17:59:03'),
(1203,11,19,NULL,1,'Lerma','2024-09-03 17:59:03','2024-09-03 17:59:03'),
(1204,11,20,NULL,1,'7295670019','2024-09-03 17:59:03','2024-09-03 17:59:03'),
(1205,11,21,NULL,1,'2340910','2024-09-03 17:59:03','2024-09-03 17:59:03'),
(1206,11,22,NULL,1,'fernandaP@gmail.com','2024-09-03 17:59:03','2024-09-03 17:59:03'),
(1207,11,23,NULL,1,'https://www.facebook.com','2024-09-03 17:59:03','2024-09-03 17:59:03'),
(1208,11,24,NULL,1,'Emilio Trejo','2024-09-03 17:59:03','2024-09-03 17:59:03'),
(1209,11,25,NULL,1,'203','2024-09-03 17:59:03','2024-09-03 17:59:03'),
(1210,11,26,NULL,1,'','2024-09-03 17:59:03','2024-09-03 17:59:03'),
(1211,11,27,NULL,1,'Americas','2024-09-03 17:59:03','2024-09-03 17:59:03'),
(1212,11,28,NULL,1,'Lerma','2024-09-03 17:59:03','2024-09-03 17:59:03'),
(1213,11,29,NULL,1,'Santa María Atarasquillo','2024-09-03 17:59:03','2024-09-03 17:59:03'),
(1214,11,30,NULL,1,'50120','2024-09-03 17:59:03','2024-09-03 17:59:03'),
(1215,11,31,NULL,1,'Calle pepito y Calle La china','2024-09-03 17:59:03','2024-09-03 17:59:03'),
(1216,12,1,NULL,1,'emi@gmail.com','2024-09-03 18:06:32','2024-09-03 18:06:32'),
(1217,12,2,NULL,1,'1','2024-09-03 18:06:32','2024-09-03 18:06:32'),
(1218,12,3,NULL,1,'Emiliano','2024-09-03 18:06:32','2024-09-03 18:06:32'),
(1219,12,4,NULL,1,'Bermudez','2024-09-03 18:06:32','2024-09-03 18:06:32'),
(1220,12,5,NULL,1,'Olivares','2024-09-03 18:06:32','2024-09-03 18:06:32'),
(1221,12,6,NULL,1,'GAXJ920303HDFLML09','2024-09-03 18:06:32','2024-09-03 18:06:32'),
(1222,12,7,NULL,1,'GAXJ920303LM9','2024-09-03 18:06:32','2024-09-03 18:06:32'),
(1223,12,8,NULL,1,'Masculino','2024-09-03 18:06:32','2024-09-03 18:06:32'),
(1224,12,10,NULL,1,'Viudo(a)','2024-09-03 18:06:32','2024-09-03 18:06:32'),
(1225,12,11,NULL,1,'2 hijos(as)','2024-09-03 18:06:32','2024-09-03 18:06:32'),
(1226,12,12,NULL,1,'Mis hijos','2024-09-03 18:06:32','2024-09-03 18:06:32'),
(1227,12,13,NULL,1,'Ninguna','2024-09-03 18:06:32','2024-09-03 18:06:32'),
(1228,12,14,NULL,1,'O positivo','2024-09-03 18:06:32','2024-09-03 18:06:32'),
(1229,12,15,NULL,1,'2003-09-15','2024-09-03 18:06:32','2024-09-03 18:06:32'),
(1230,12,16,NULL,1,'21','2024-09-03 18:06:32','2024-09-03 18:06:32'),
(1231,12,17,NULL,1,'México','2024-09-03 18:06:32','2024-09-03 18:06:32'),
(1232,12,18,NULL,1,'Metepec','2024-09-03 18:06:32','2024-09-03 18:06:32'),
(1233,12,19,NULL,1,'Metepec','2024-09-03 18:06:32','2024-09-03 18:06:32'),
(1234,12,20,NULL,1,'7294790412','2024-09-03 18:06:32','2024-09-03 18:06:32'),
(1235,12,21,NULL,1,'2340765','2024-09-03 18:06:32','2024-09-03 18:06:32'),
(1236,12,22,NULL,1,'emiP@gmail.com','2024-09-03 18:06:32','2024-09-03 18:06:32'),
(1237,12,23,NULL,1,'https://www.facebook.com/emi','2024-09-03 18:06:32','2024-09-03 18:06:32'),
(1238,12,24,NULL,1,'El dedos','2024-09-03 18:06:32','2024-09-03 18:06:32'),
(1239,12,25,NULL,1,'4','2024-09-03 18:06:32','2024-09-03 18:06:32'),
(1240,12,26,NULL,1,'','2024-09-03 18:06:32','2024-09-03 18:06:32'),
(1241,12,27,NULL,1,'Mi chiquita','2024-09-03 18:06:32','2024-09-03 18:06:32'),
(1242,12,28,NULL,1,'Metepec','2024-09-03 18:06:32','2024-09-03 18:06:32'),
(1243,12,29,NULL,1,'Metepec','2024-09-03 18:06:32','2024-09-03 18:06:32'),
(1244,12,30,NULL,1,'50010','2024-09-03 18:06:32','2024-09-03 18:06:32'),
(1245,12,31,NULL,1,'Calle pepito y Calle La china','2024-09-03 18:06:32','2024-09-03 18:06:32'),
(1246,13,1,NULL,1,'caro@gmail.com','2024-09-03 18:10:52','2024-09-03 18:10:52'),
(1247,13,2,NULL,1,'2','2024-09-03 18:10:52','2024-09-03 18:10:52'),
(1248,13,3,NULL,1,'Carolina','2024-09-03 18:10:52','2024-09-03 18:10:52'),
(1249,13,4,NULL,1,'Garcia','2024-09-03 18:10:52','2024-09-03 18:10:52'),
(1250,13,5,NULL,1,'Garcia','2024-09-03 18:10:52','2024-09-03 18:10:52'),
(1251,13,6,NULL,1,'ROGP851112MDFNRN02','2024-09-03 18:10:52','2024-09-03 18:10:52'),
(1252,13,7,NULL,1,'ROGP851112NR2','2024-09-03 18:10:52','2024-09-03 18:10:52'),
(1253,13,8,NULL,1,'Femenino','2024-09-03 18:10:52','2024-09-03 18:10:52'),
(1254,13,10,NULL,1,'Unión libre','2024-09-03 18:10:52','2024-09-03 18:10:52'),
(1255,13,11,NULL,1,'1 hijo(a)','2024-09-03 18:10:52','2024-09-03 18:10:52'),
(1256,13,12,NULL,1,'Si, mi bebé','2024-09-03 18:10:52','2024-09-03 18:10:52'),
(1257,13,13,NULL,1,'Cristiana','2024-09-03 18:10:52','2024-09-03 18:10:52'),
(1258,13,14,NULL,1,'O negativo','2024-09-03 18:10:52','2024-09-03 18:10:52'),
(1259,13,15,NULL,1,'2006-05-26','2024-09-03 18:10:52','2024-09-03 18:10:52'),
(1260,13,16,NULL,1,'18','2024-09-03 18:10:52','2024-09-03 18:10:52'),
(1261,13,17,NULL,1,'México','2024-09-03 18:10:52','2024-09-03 18:10:52'),
(1262,13,18,NULL,1,'México','2024-09-03 18:10:52','2024-09-03 18:10:52'),
(1263,13,19,NULL,1,'Toluca','2024-09-03 18:10:52','2024-09-03 18:10:52'),
(1264,13,20,NULL,1,'7290002299','2024-09-03 18:10:52','2024-09-03 18:10:52'),
(1265,13,21,NULL,1,'2348908','2024-09-03 18:10:52','2024-09-03 18:10:52'),
(1266,13,22,NULL,1,'caroP@gmail.com','2024-09-03 18:10:52','2024-09-03 18:10:52'),
(1267,13,23,NULL,1,'https://www.facebook.com/caro','2024-09-03 18:10:52','2024-09-03 18:10:52'),
(1268,13,24,NULL,1,'SrJuana','2024-09-03 18:10:52','2024-09-03 18:10:52'),
(1269,13,25,NULL,1,'10','2024-09-03 18:10:52','2024-09-03 18:10:52'),
(1270,13,26,NULL,1,'8','2024-09-03 18:10:52','2024-09-03 18:10:52'),
(1271,13,27,NULL,1,'Matamorros','2024-09-03 18:10:52','2024-09-03 18:10:52'),
(1272,13,28,NULL,1,'Toluca','2024-09-03 18:10:52','2024-09-03 18:10:52'),
(1273,13,29,NULL,1,'Nicolas Romero','2024-09-03 18:10:52','2024-09-03 18:10:52'),
(1274,13,30,NULL,1,'50130','2024-09-03 18:10:52','2024-09-03 18:10:52'),
(1275,13,31,NULL,1,'Calle pepito y Calle La china','2024-09-03 18:10:52','2024-09-03 18:10:52'),
(1276,14,1,NULL,1,'jorge@gmail.com','2024-09-03 18:16:33','2024-09-03 18:16:33'),
(1277,14,2,NULL,1,'2','2024-09-03 18:16:33','2024-09-03 18:16:33'),
(1278,14,3,NULL,1,'Jorge','2024-09-03 18:16:33','2024-09-03 18:16:33'),
(1279,14,4,NULL,1,'Castañeda','2024-09-03 18:16:33','2024-09-03 18:16:33'),
(1280,14,5,NULL,1,'Campuzano','2024-09-03 18:16:33','2024-09-03 18:16:33'),
(1281,14,6,NULL,1,'CACM950617HBCMRT01','2024-09-03 18:16:33','2024-09-03 18:16:33'),
(1282,14,7,NULL,1,'LIMK000830PR0','2024-09-03 18:16:33','2024-09-03 18:16:33'),
(1283,14,8,NULL,1,'Masculino','2024-09-03 18:16:33','2024-09-03 18:16:33'),
(1284,14,10,NULL,1,'Viudo(a)','2024-09-03 18:16:33','2024-09-03 18:16:33'),
(1285,14,11,NULL,1,'Ninguno','2024-09-03 18:16:33','2024-09-03 18:16:33'),
(1286,14,12,NULL,1,'No','2024-09-03 18:16:33','2024-09-03 18:16:33'),
(1287,14,13,NULL,1,'Judia','2024-09-03 18:16:33','2024-09-03 18:16:33'),
(1288,14,14,NULL,1,'O negativo','2024-09-03 18:16:33','2024-09-03 18:16:33'),
(1289,14,15,NULL,1,'1996-12-23','2024-09-03 18:16:33','2024-09-03 18:16:33'),
(1290,14,16,NULL,1,'27','2024-09-03 18:16:33','2024-09-03 18:16:33'),
(1291,14,17,NULL,1,'México','2024-09-03 18:16:33','2024-09-03 18:16:33'),
(1292,14,18,NULL,1,'México','2024-09-03 18:16:33','2024-09-03 18:16:33'),
(1293,14,19,NULL,1,'Zinacantepec','2024-09-03 18:16:33','2024-09-03 18:16:33'),
(1294,14,20,NULL,1,'72944765019','2024-09-03 18:16:33','2024-09-03 18:16:33'),
(1295,14,21,NULL,1,'5019266','2024-09-03 18:16:33','2024-09-03 18:16:33'),
(1296,14,22,NULL,1,'jorgeP@gmail.com','2024-09-03 18:16:33','2024-09-03 18:16:33'),
(1297,14,23,NULL,1,'https://www.facebook.com/jorge','2024-09-03 18:16:33','2024-09-03 18:16:33'),
(1298,14,24,NULL,1,'Hidalgo','2024-09-03 18:16:33','2024-09-03 18:16:33'),
(1299,14,25,NULL,1,'90','2024-09-03 18:16:33','2024-09-03 18:16:33'),
(1300,14,26,NULL,1,'','2024-09-03 18:16:33','2024-09-03 18:16:33'),
(1301,14,27,NULL,1,'Morelos','2024-09-03 18:16:33','2024-09-03 18:16:33'),
(1302,14,28,NULL,1,'Zinacantepec','2024-09-03 18:16:33','2024-09-03 18:16:33'),
(1303,14,29,NULL,1,'San Andres de los Gama','2024-09-03 18:16:33','2024-09-03 18:16:33'),
(1304,14,30,NULL,1,'40140','2024-09-03 18:16:33','2024-09-03 18:16:33'),
(1305,14,31,NULL,1,'Calle pepito y Calle La china','2024-09-03 18:16:33','2024-09-03 18:16:33'),
(1306,15,1,NULL,1,'ian@gmail.com','2024-09-03 18:20:31','2024-09-03 18:20:31'),
(1307,15,2,NULL,1,'1','2024-09-03 18:20:31','2024-09-03 18:20:31'),
(1308,15,3,NULL,1,'Ian','2024-09-03 18:20:31','2024-09-03 18:20:31'),
(1309,15,4,NULL,1,'Gonzales','2024-09-03 18:20:31','2024-09-03 18:20:31'),
(1310,15,5,NULL,1,'Gomez','2024-09-03 18:20:31','2024-09-03 18:20:31'),
(1311,15,6,NULL,1,'LIMK000830HNLPRD00','2024-09-03 18:20:31','2024-09-03 18:20:31'),
(1312,15,7,NULL,1,'LIMK000830PR0','2024-09-03 18:20:31','2024-09-03 18:20:31'),
(1313,15,8,NULL,1,'Masculino','2024-09-03 18:20:31','2024-09-03 18:20:31'),
(1314,15,10,NULL,1,'Casado(a)','2024-09-03 18:20:31','2024-09-03 18:20:31'),
(1315,15,11,NULL,1,'Ninguno','2024-09-03 18:20:31','2024-09-03 18:20:31'),
(1316,15,12,NULL,1,'Mis papás','2024-09-03 18:20:31','2024-09-03 18:20:31'),
(1317,15,13,NULL,1,'Ninguna','2024-09-03 18:20:31','2024-09-03 18:20:31'),
(1318,15,14,NULL,1,'O positivo','2024-09-03 18:20:31','2024-09-03 18:20:31'),
(1319,15,15,NULL,1,'2005-04-02','2024-09-03 18:20:31','2024-09-03 18:20:31'),
(1320,15,16,NULL,1,'19','2024-09-03 18:20:31','2024-09-03 18:20:31'),
(1321,15,17,NULL,1,'México','2024-09-03 18:20:31','2024-09-03 18:20:31'),
(1322,15,18,NULL,1,'México','2024-09-03 18:20:31','2024-09-03 18:20:31'),
(1323,15,19,NULL,1,'Lerma','2024-09-03 18:20:31','2024-09-03 18:20:31'),
(1324,15,20,NULL,1,'7294560083','2024-09-03 18:20:31','2024-09-03 18:20:31'),
(1325,15,21,NULL,1,'7776666','2024-09-03 18:20:31','2024-09-03 18:20:31'),
(1326,15,22,NULL,1,'ianpersonal@gmail.com','2024-09-03 18:20:31','2024-09-03 18:20:31'),
(1327,15,23,NULL,1,'https://www.facebook.com/ian','2024-09-03 18:20:31','2024-09-03 18:20:31'),
(1328,15,24,NULL,1,'Mario Canales','2024-09-03 18:20:31','2024-09-03 18:20:31'),
(1329,15,25,NULL,1,'45','2024-09-03 18:20:31','2024-09-03 18:20:31'),
(1330,15,26,NULL,1,'','2024-09-03 18:20:31','2024-09-03 18:20:31'),
(1331,15,27,NULL,1,'Chuponcito','2024-09-03 18:20:31','2024-09-03 18:20:31'),
(1332,15,28,NULL,1,'Toluca','2024-09-03 18:20:31','2024-09-03 18:20:31'),
(1333,15,29,NULL,1,'Toluca','2024-09-03 18:20:31','2024-09-03 18:20:31'),
(1334,15,30,NULL,1,'30110','2024-09-03 18:20:31','2024-09-03 18:20:31'),
(1335,15,31,NULL,1,'Calle pepito y Calle La china','2024-09-03 18:20:31','2024-09-03 18:20:31'),
(1662,6,1,NULL,1,'fernanda@gmail.com','2024-09-03 18:04:57','2024-09-03 18:04:57'),
(1663,6,2,NULL,1,'2','2024-09-03 18:04:57','2024-09-03 18:04:57'),
(1664,6,3,NULL,1,'Fernanda','2024-09-03 18:04:57','2024-09-03 18:04:57'),
(1665,6,4,NULL,1,'lopez','2024-09-03 18:04:57','2024-09-03 18:04:57'),
(1666,6,5,NULL,1,'miraflor','2024-09-03 18:04:57','2024-09-03 18:04:57'),
(1667,6,6,NULL,1,'RODR851025HDFLRN07','2024-09-03 18:04:57','2024-09-03 18:04:57'),
(1668,6,7,NULL,1,'GAMA850101HM1','2024-09-03 18:04:57','2024-09-03 18:04:57'),
(1669,6,8,NULL,1,'Femenino','2024-09-03 18:04:57','2024-09-03 18:04:57'),
(1670,6,10,NULL,1,'Viudo(a)','2024-09-03 18:04:57','2024-09-03 18:04:57'),
(1671,6,11,NULL,1,'1 hijo(a)','2024-09-03 18:04:57','2024-09-03 18:04:57'),
(1672,6,12,NULL,1,'Si','2024-09-03 18:04:57','2024-09-03 18:04:57'),
(1673,6,13,NULL,1,'Ninguna','2024-09-03 18:04:57','2024-09-03 18:04:57'),
(1674,6,14,NULL,1,'A+','2024-09-03 18:04:57','2024-09-03 18:04:57'),
(1675,6,15,NULL,1,'2024-09-18','2024-09-03 18:04:57','2024-09-03 18:04:57'),
(1676,6,16,NULL,1,'20','2024-09-03 18:04:57','2024-09-03 18:04:57'),
(1677,6,17,NULL,1,'México','2024-09-03 18:04:57','2024-09-03 18:04:57'),
(1678,6,18,NULL,1,'MEXICO','2024-09-03 18:04:57','2024-09-03 18:04:57'),
(1679,6,19,NULL,1,'Naucalpan','2024-09-03 18:04:57','2024-09-03 18:04:57'),
(1680,6,20,NULL,1,'7226395654','2024-09-03 18:04:57','2024-09-03 18:04:57'),
(1681,6,21,NULL,1,'7226395654','2024-09-03 18:04:57','2024-09-03 18:04:57'),
(1682,6,22,NULL,1,'fernanda@gmail.com','2024-09-03 18:04:57','2024-09-03 18:04:57'),
(1683,6,23,NULL,1,'https://facebook.com/','2024-09-03 18:04:57','2024-09-03 18:04:57'),
(1684,6,24,NULL,1,'CARRETERA TOLUCA-NAUCALPAN KM32.8','2024-09-03 18:04:57','2024-09-03 18:04:57'),
(1685,6,25,NULL,1,'S/N','2024-09-03 18:04:57','2024-09-03 18:04:57'),
(1686,6,26,NULL,1,'7','2024-09-03 18:04:57','2024-09-03 18:04:57'),
(1687,6,27,NULL,1,'Conocido','2024-09-03 18:04:57','2024-09-03 18:04:57'),
(1688,6,28,NULL,1,'SAN AGUSTIN','2024-09-03 18:04:57','2024-09-03 18:04:57'),
(1689,6,29,NULL,1,'Lerma','2024-09-03 18:04:57','2024-09-03 18:04:57'),
(1690,6,30,NULL,1,'52050','2024-09-03 18:04:57','2024-09-03 18:04:57'),
(1691,6,31,NULL,1,'gyuikj','2024-09-03 18:04:57','2024-09-03 18:04:57'),
(1692,7,1,NULL,1,'angel@gmail.com','2024-09-03 18:07:01','2024-09-03 18:07:01'),
(1693,7,2,NULL,1,'1','2024-09-03 18:07:01','2024-09-03 18:07:01'),
(1694,7,3,NULL,1,'angel','2024-09-03 18:07:01','2024-09-03 18:07:01'),
(1695,7,4,NULL,1,'santaana','2024-09-03 18:07:01','2024-09-03 18:07:01'),
(1696,7,5,NULL,1,'miraco','2024-09-03 18:07:01','2024-09-03 18:07:01'),
(1697,7,6,NULL,1,'GOME920516MDFVSP03','2024-09-03 18:07:01','2024-09-03 18:07:01'),
(1698,7,7,NULL,1,'LOPG920516UV2','2024-09-03 18:07:01','2024-09-03 18:07:01'),
(1699,7,8,NULL,1,'Masculino','2024-09-03 18:07:01','2024-09-03 18:07:01'),
(1700,7,10,NULL,1,'Viudo(a)','2024-09-03 18:07:01','2024-09-03 18:07:01'),
(1701,7,11,NULL,1,'Más de 2 hijos(as)','2024-09-03 18:07:01','2024-09-03 18:07:01'),
(1702,7,12,NULL,1,'si','2024-09-03 18:07:01','2024-09-03 18:07:01'),
(1703,7,13,NULL,1,'cristiana','2024-09-03 18:07:01','2024-09-03 18:07:01'),
(1704,7,14,NULL,1,'a+','2024-09-03 18:07:01','2024-09-03 18:07:01'),
(1705,7,15,NULL,1,'2024-09-26','2024-09-03 18:07:01','2024-09-03 18:07:01'),
(1706,7,16,NULL,1,'21','2024-09-03 18:07:01','2024-09-03 18:07:01'),
(1707,7,17,NULL,1,'mexico','2024-09-03 18:07:01','2024-09-03 18:07:01'),
(1708,7,18,NULL,1,'baj california','2024-09-03 18:07:01','2024-09-03 18:07:01'),
(1709,7,19,NULL,1,'ensenada','2024-09-03 18:07:01','2024-09-03 18:07:01'),
(1710,7,20,NULL,1,'7226395654','2024-09-03 18:07:01','2024-09-03 18:07:01'),
(1711,7,21,NULL,1,'7882541165','2024-09-03 18:07:01','2024-09-03 18:07:01'),
(1712,7,22,NULL,1,'angel@gmail.com','2024-09-03 18:07:01','2024-09-03 18:07:01'),
(1713,7,23,NULL,1,'https://facebook.com/','2024-09-03 18:07:01','2024-09-03 18:07:01'),
(1714,7,24,NULL,1,'CARRETERA TOLUCA-NAUCALPAN KM32.8','2024-09-03 18:07:01','2024-09-03 18:07:01'),
(1715,7,25,NULL,1,'S/N','2024-09-03 18:07:01','2024-09-03 18:07:01'),
(1716,7,26,NULL,1,'7','2024-09-03 18:07:01','2024-09-03 18:07:01'),
(1717,7,27,NULL,1,'Conocido','2024-09-03 18:07:01','2024-09-03 18:07:01'),
(1718,7,28,NULL,1,'SAN AGUSTIN','2024-09-03 18:07:01','2024-09-03 18:07:01'),
(1719,7,29,NULL,1,'Lerma','2024-09-03 18:07:01','2024-09-03 18:07:01'),
(1720,7,30,NULL,1,'52050','2024-09-03 18:07:01','2024-09-03 18:07:01'),
(1721,7,31,NULL,1,'gyuikj','2024-09-03 18:07:01','2024-09-03 18:07:01'),
(1722,8,1,NULL,1,'aurturo@gmail.com','2024-09-03 18:07:49','2024-09-03 18:07:49'),
(1723,8,2,NULL,1,'1','2024-09-03 18:07:49','2024-09-03 18:07:49'),
(1724,8,3,NULL,1,'arturo','2024-09-03 18:07:49','2024-09-03 18:07:49'),
(1725,8,4,NULL,1,'perez','2024-09-03 18:07:49','2024-09-03 18:07:49'),
(1726,8,5,NULL,1,'miraco','2024-09-03 18:07:49','2024-09-03 18:07:49'),
(1727,8,6,NULL,1,'GOME920516MDFVSP03','2024-09-03 18:07:49','2024-09-03 18:07:49'),
(1728,8,7,NULL,1,'LOPG920516UV2','2024-09-03 18:07:49','2024-09-03 18:07:49'),
(1729,8,8,NULL,1,'Femenino','2024-09-03 18:07:49','2024-09-03 18:07:49'),
(1730,8,10,NULL,1,'Viudo(a)','2024-09-03 18:07:49','2024-09-03 18:07:49'),
(1731,8,11,NULL,1,'Ninguno','2024-09-03 18:07:49','2024-09-03 18:07:49'),
(1732,8,12,NULL,1,'si','2024-09-03 18:07:49','2024-09-03 18:07:49'),
(1733,8,13,NULL,1,'cristiana','2024-09-03 18:07:49','2024-09-03 18:07:49'),
(1734,8,14,NULL,1,'a+','2024-09-03 18:07:49','2024-09-03 18:07:49'),
(1735,8,15,NULL,1,'2024-10-04','2024-09-03 18:07:49','2024-09-03 18:07:49'),
(1736,8,16,NULL,1,'21','2024-09-03 18:07:49','2024-09-03 18:07:49'),
(1737,8,17,NULL,1,'mexico','2024-09-03 18:07:49','2024-09-03 18:07:49'),
(1738,8,18,NULL,1,'baj california','2024-09-03 18:07:49','2024-09-03 18:07:49'),
(1739,8,19,NULL,1,'ensenada','2024-09-03 18:07:49','2024-09-03 18:07:49'),
(1740,8,20,NULL,1,'7226395654','2024-09-03 18:07:49','2024-09-03 18:07:49'),
(1741,8,21,NULL,1,'7882541165','2024-09-03 18:07:49','2024-09-03 18:07:49'),
(1742,8,22,NULL,1,'angel@gmail.com','2024-09-03 18:07:49','2024-09-03 18:07:49'),
(1743,8,23,NULL,1,'https://facebook.com/','2024-09-03 18:07:49','2024-09-03 18:07:49'),
(1744,8,24,NULL,1,'CARRETERA TOLUCA-NAUCALPAN KM32.8','2024-09-03 18:07:49','2024-09-03 18:07:49'),
(1745,8,25,NULL,1,'S/N','2024-09-03 18:07:49','2024-09-03 18:07:49'),
(1746,8,26,NULL,1,'7','2024-09-03 18:07:49','2024-09-03 18:07:49'),
(1747,8,27,NULL,1,'Conocido','2024-09-03 18:07:49','2024-09-03 18:07:49'),
(1748,8,28,NULL,1,'SAN AGUSTIN','2024-09-03 18:07:49','2024-09-03 18:07:49'),
(1749,8,29,NULL,1,'Lerma','2024-09-03 18:07:49','2024-09-03 18:07:49'),
(1750,8,30,NULL,1,'52050','2024-09-03 18:07:49','2024-09-03 18:07:49'),
(1751,8,31,NULL,1,'gyuikj','2024-09-03 18:07:49','2024-09-03 18:07:49'),
(1752,9,1,NULL,1,'rodrigo@gmail.com','2024-09-03 18:09:23','2024-09-03 18:09:23'),
(1753,9,2,NULL,1,'1','2024-09-03 18:09:23','2024-09-03 18:09:23'),
(1754,9,3,NULL,1,'rodrigo','2024-09-03 18:09:23','2024-09-03 18:09:23'),
(1755,9,4,NULL,1,'perez','2024-09-03 18:09:23','2024-09-03 18:09:23'),
(1756,9,5,NULL,1,'pona','2024-09-03 18:09:23','2024-09-03 18:09:23'),
(1757,9,6,NULL,1,'PERE780314HGRTRR08','2024-09-03 18:09:23','2024-09-03 18:09:23'),
(1758,9,7,NULL,1,'HERN780314GR3','2024-09-03 18:09:23','2024-09-03 18:09:23'),
(1759,9,8,NULL,1,'Masculino','2024-09-03 18:09:23','2024-09-03 18:09:23'),
(1760,9,10,NULL,1,'Viudo(a)','2024-09-03 18:09:23','2024-09-03 18:09:23'),
(1761,9,11,NULL,1,'Ninguno','2024-09-03 18:09:23','2024-09-03 18:09:23'),
(1762,9,12,NULL,1,'si','2024-09-03 18:09:23','2024-09-03 18:09:23'),
(1763,9,13,NULL,1,'cristiana','2024-09-03 18:09:24','2024-09-03 18:09:24'),
(1764,9,14,NULL,1,'a+','2024-09-03 18:09:24','2024-09-03 18:09:24'),
(1765,9,15,NULL,1,'2024-09-27','2024-09-03 18:09:24','2024-09-03 18:09:24'),
(1766,9,16,NULL,1,'30','2024-09-03 18:09:24','2024-09-03 18:09:24'),
(1767,9,17,NULL,1,'mexico','2024-09-03 18:09:24','2024-09-03 18:09:24'),
(1768,9,18,NULL,1,'baj california','2024-09-03 18:09:24','2024-09-03 18:09:24'),
(1769,9,19,NULL,1,'ensenada','2024-09-03 18:09:24','2024-09-03 18:09:24'),
(1770,9,20,NULL,1,'7226395654','2024-09-03 18:09:24','2024-09-03 18:09:24'),
(1771,9,21,NULL,1,'7882541165','2024-09-03 18:09:24','2024-09-03 18:09:24'),
(1772,9,22,NULL,1,'rodrigo@gmail.com','2024-09-03 18:09:24','2024-09-03 18:09:24'),
(1773,9,23,NULL,1,'https://facebook.com/','2024-09-03 18:09:24','2024-09-03 18:09:24'),
(1774,9,24,NULL,1,'CARRETERA TOLUCA-NAUCALPAN KM32.8','2024-09-03 18:09:24','2024-09-03 18:09:24'),
(1775,9,25,NULL,1,'S/N','2024-09-03 18:09:24','2024-09-03 18:09:24'),
(1776,9,26,NULL,1,'7','2024-09-03 18:09:24','2024-09-03 18:09:24'),
(1777,9,27,NULL,1,'Conocido','2024-09-03 18:09:24','2024-09-03 18:09:24'),
(1778,9,28,NULL,1,'SAN AGUSTIN','2024-09-03 18:09:24','2024-09-03 18:09:24'),
(1779,9,29,NULL,1,'Lerma','2024-09-03 18:09:24','2024-09-03 18:09:24'),
(1780,9,30,NULL,1,'52058','2024-09-03 18:09:24','2024-09-03 18:09:24'),
(1781,9,31,NULL,1,'gyuikj','2024-09-03 18:09:24','2024-09-03 18:09:24'),
(1782,10,1,NULL,1,'diego@gmail.com','2024-09-03 18:11:25','2024-09-03 18:11:25'),
(1783,10,2,NULL,1,'1','2024-09-03 18:11:25','2024-09-03 18:11:25'),
(1784,10,3,NULL,1,'diego','2024-09-03 18:11:25','2024-09-03 18:11:25'),
(1785,10,4,NULL,1,'ortega','2024-09-03 18:11:25','2024-09-03 18:11:25'),
(1786,10,5,NULL,1,'munoz','2024-09-03 18:11:25','2024-09-03 18:11:25'),
(1787,10,6,NULL,1,'HERN901205MPLSRL00','2024-09-03 18:11:25','2024-09-03 18:11:25'),
(1788,10,7,NULL,1,'JIMA901205MN4','2024-09-03 18:11:25','2024-09-03 18:11:25'),
(1789,10,8,NULL,1,'Masculino','2024-09-03 18:11:25','2024-09-03 18:11:25'),
(1790,10,10,NULL,1,'Viudo(a)','2024-09-03 18:11:25','2024-09-03 18:11:25'),
(1791,10,11,NULL,1,'2 hijos(as)','2024-09-03 18:11:25','2024-09-03 18:11:25'),
(1792,10,12,NULL,1,'no','2024-09-03 18:11:25','2024-09-03 18:11:25'),
(1793,10,13,NULL,1,'budista','2024-09-03 18:11:25','2024-09-03 18:11:25'),
(1794,10,14,NULL,1,'O-','2024-09-03 18:11:25','2024-09-03 18:11:25'),
(1795,10,15,NULL,1,'2024-10-11','2024-09-03 18:11:25','2024-09-03 18:11:25'),
(1796,10,16,NULL,1,'15','2024-09-03 18:11:25','2024-09-03 18:11:25'),
(1797,10,17,NULL,1,'mexico','2024-09-03 18:11:25','2024-09-03 18:11:25'),
(1798,10,18,NULL,1,'chihuahua','2024-09-03 18:11:25','2024-09-03 18:11:25'),
(1799,10,19,NULL,1,'chihuahua','2024-09-03 18:11:25','2024-09-03 18:11:25'),
(1800,10,20,NULL,1,'7226395654','2024-09-03 18:11:26','2024-09-03 18:11:26'),
(1801,10,21,NULL,1,'7882541165','2024-09-03 18:11:26','2024-09-03 18:11:26'),
(1802,10,22,NULL,1,'diego@gmail.com','2024-09-03 18:11:26','2024-09-03 18:11:26'),
(1803,10,23,NULL,1,'https://facebook.com/','2024-09-03 18:11:26','2024-09-03 18:11:26'),
(1804,10,24,NULL,1,'CARRETERA TOLUCA-NAUCALPAN KM32.8','2024-09-03 18:11:26','2024-09-03 18:11:26'),
(1805,10,25,NULL,1,'S/N','2024-09-03 18:11:26','2024-09-03 18:11:26'),
(1806,10,26,NULL,1,'7','2024-09-03 18:11:26','2024-09-03 18:11:26'),
(1807,10,27,NULL,1,'Conocido','2024-09-03 18:11:26','2024-09-03 18:11:26'),
(1808,10,28,NULL,1,'SAN AGUSTIN','2024-09-03 18:11:26','2024-09-03 18:11:26'),
(1809,10,29,NULL,1,'Lerma','2024-09-03 18:11:26','2024-09-03 18:11:26'),
(1810,10,30,NULL,1,'52058','2024-09-03 18:11:26','2024-09-03 18:11:26'),
(1811,10,31,NULL,1,'al lado de la olaza naraja','2024-09-03 18:11:26','2024-09-03 18:11:26');

/*Table structure for table `usuarios` */

DROP TABLE IF EXISTS `usuarios`;

CREATE TABLE `usuarios` (
  `id` bigint(20) unsigned NOT NULL AUTO_INCREMENT,
  `nombre` varchar(50) NOT NULL,
  `apellido_paterno` varchar(50) NOT NULL,
  `apellido_materno` varchar(50) NOT NULL,
  `i_genero` varchar(255) DEFAULT NULL,
  `matricula` int(11) DEFAULT NULL,
  `carrera` varchar(255) DEFAULT NULL,
  `grupos_v` varchar(255) DEFAULT NULL,
  `email` text NOT NULL,
  `email_verified_at` timestamp NULL DEFAULT NULL,
  `pass` text NOT NULL,
  `remember_token` varchar(100) DEFAULT NULL,
  `rol_id` bigint(20) unsigned NOT NULL,
  `created_at` timestamp NULL DEFAULT NULL,
  `updated_at` timestamp NULL DEFAULT NULL,
  PRIMARY KEY (`id`),
  UNIQUE KEY `users_email_unique` (`email`) USING HASH,
  KEY `users_rol_id_foreign` (`rol_id`),
  CONSTRAINT `users_rol_id_foreign` FOREIGN KEY (`rol_id`) REFERENCES `roles` (`id`)
) ENGINE=InnoDB AUTO_INCREMENT=17 DEFAULT CHARSET=utf8mb4 COLLATE=utf8mb4_general_ci;

/*Data for the table `usuarios` */

insert  into `usuarios`(`id`,`nombre`,`apellido_paterno`,`apellido_materno`,`i_genero`,`matricula`,`carrera`,`grupos_v`,`email`,`email_verified_at`,`pass`,`remember_token`,`rol_id`,`created_at`,`updated_at`) values 
(1,'Director','UTVT','UTVT',NULL,NULL,NULL,NULL,'director@gmail.com',NULL,'1234',NULL,1,NULL,NULL),
(2,'Mike','UTVT','UTVT',NULL,NULL,NULL,NULL,'ptc@gmail.com',NULL,'1234',NULL,2,NULL,NULL),
(3,'Mike','Arriola','Ortega',NULL,NULL,NULL,NULL,'estudiante@gmail.com',NULL,'1234',NULL,3,NULL,NULL),
(4,'Jimena','Diaz','Diaz',NULL,NULL,NULL,NULL,'psicologia@gmail.com',NULL,'1234',NULL,4,NULL,NULL),
(5,'Eduh','Olvera','Aldama',NULL,NULL,NULL,NULL,'eduholvera@gmail.com',NULL,'1234',NULL,2,NULL,NULL),
(6,'Fernanda','Gomez','Alcantara',NULL,222110811,'Ingenieria en Desarrollo y Gestión de Sofware',NULL,'fernanda@gmail.com',NULL,'1234',NULL,3,NULL,NULL),
(7,'Ángel','Camacho','Linares',NULL,222220022,'Ingenieria en Desarrollo y Gestión de Sofware',NULL,'angel@gmail.com',NULL,'1234',NULL,3,NULL,NULL),
(8,'Arturo','De Jesús','Gonzales',NULL,222222222,'Ingenieria en Desarrollo y Gestión de Sofware',NULL,'arturo@gmail.com',NULL,'1234',NULL,3,NULL,NULL),
(9,'Rodrigo','Castillo','Ortega',NULL,112233445,'Ingenieria en Desarrollo y Gestión de Sofware',NULL,'rodrigo@gmail.com',NULL,'1234',NULL,3,NULL,NULL),
(10,'Diego','Castañeda','Ramirez',NULL,9988776,'Ingenieria en Desarrollo y Gestión de Sofware',NULL,'diego@gmail.com',NULL,'1234',NULL,3,NULL,NULL),
(11,'Jesús','Buen','Día',NULL,663990893,'Ingenieria en Desarrollo y Gestión de Sofware',NULL,'jesus@gmail.com',NULL,'1234',NULL,3,NULL,NULL),
(12,'Emiliano','Bermudez','Olivares',NULL,98923411,'Ingenieria en Desarrollo y Gestión de Sofware',NULL,'emi@gmail.com',NULL,'1234',NULL,3,NULL,NULL),
(13,'Carolina','Garcia','Garcia',NULL,754971370,'Ingenieria en Desarrollo y Gestión de Sofware',NULL,'caro@gmail.com',NULL,'1234',NULL,3,NULL,NULL),
(14,'Jorge','Castañeda','Campuzano',NULL,543794323,'Ingenieria en Desarrollo y Gestión de Sofware',NULL,'jorge@gmail.com',NULL,'1234',NULL,3,NULL,NULL),
(15,'Ian','Gonzales','Gomez',NULL,280168753,'Ingenieria en Desarrollo y Gestión de Sofware',NULL,'ian@gmail.com',NULL,'1234',NULL,3,NULL,NULL),
(16,'Eduardo','edu','edu',NULL,222010230,'TICS',NULL,'eduard@gmail.com',NULL,'1234',NULL,3,NULL,NULL);

/*!40101 SET SQL_MODE=@OLD_SQL_MODE */;
/*!40014 SET FOREIGN_KEY_CHECKS=@OLD_FOREIGN_KEY_CHECKS */;
/*!40014 SET UNIQUE_CHECKS=@OLD_UNIQUE_CHECKS */;
/*!40111 SET SQL_NOTES=@OLD_SQL_NOTES */;
